docking_id,status,nrec,nlig,output_file
NEG_9S19_WT_HRO761,ok,8377,51,NEG_9S19_WT_HRO761_complex.pdb
NEG_9S19_WT_VVD-214,ok,8377,31,NEG_9S19_WT_VVD-214_complex.pdb
WT_7GQU_HRO761,ok,4319,51,WT_7GQU_HRO761_complex.pdb
WT_7GQU_VVD-214,ok,4319,31,WT_7GQU_VVD-214_complex.pdb
WT_9MJT_HRO761,ok,4349,51,WT_9MJT_HRO761_complex.pdb
WT_9MJT_VVD-214,ok,4349,31,WT_9MJT_VVD-214_complex.pdb
WT_9S18_HRO761,ok,4367,51,WT_9S18_HRO761_complex.pdb
WT_9S18_VVD-214,ok,4367,31,WT_9S18_VVD-214_complex.pdb
C727A_7GQU_HRO761,ok,4124,51,C727A_7GQU_HRO761_complex.pdb
C727R_7GQU_HRO761,ok,4135,51,C727R_7GQU_HRO761_complex.pdb
C727S_7GQU_HRO761,ok,4126,51,C727S_7GQU_HRO761_complex.pdb
F730L_7GQU_HRO761,ok,4123,51,F730L_7GQU_HRO761_complex.pdb
G729D_7GQU_HRO761,ok,4130,51,G729D_7GQU_HRO761_complex.pdb
I852F_7GQU_HRO761,ok,4129,51,I852F_7GQU_HRO761_complex.pdb
L528S_7GQU_HRO761,ok,4125,51,L528S_7GQU_HRO761_complex.pdb
C727A_7GQU_VVD-214,ok,4124,31,C727A_7GQU_VVD-214_complex.pdb
C727R_7GQU_VVD-214,ok,4135,31,C727R_7GQU_VVD-214_complex.pdb
C727S_7GQU_VVD-214,ok,4126,31,C727S_7GQU_VVD-214_complex.pdb
F730L_7GQU_VVD-214,ok,4123,31,F730L_7GQU_VVD-214_complex.pdb
G729D_7GQU_VVD-214,ok,4130,31,G729D_7GQU_VVD-214_complex.pdb
I852F_7GQU_VVD-214,ok,4129,31,I852F_7GQU_VVD-214_complex.pdb
L528S_7GQU_VVD-214,ok,4125,31,L528S_7GQU_VVD-214_complex.pdb
C727A_9MJT_HRO761,ok,4189,51,C727A_9MJT_HRO761_complex.pdb
C727R_9MJT_HRO761,ok,4200,51,C727R_9MJT_HRO761_complex.pdb
C727S_9MJT_HRO761,ok,4191,51,C727S_9MJT_HRO761_complex.pdb
F730L_9MJT_HRO761,ok,4189,51,F730L_9MJT_HRO761_complex.pdb
G729D_9MJT_HRO761,ok,4196,51,G729D_9MJT_HRO761_complex.pdb
I852F_9MJT_HRO761,ok,4196,51,I852F_9MJT_HRO761_complex.pdb
L528S_9MJT_HRO761,ok,4190,51,L528S_9MJT_HRO761_complex.pdb
C727A_9MJT_VVD-214,ok,4189,31,C727A_9MJT_VVD-214_complex.pdb
C727R_9MJT_VVD-214,ok,4200,31,C727R_9MJT_VVD-214_complex.pdb
C727S_9MJT_VVD-214,ok,4191,31,C727S_9MJT_VVD-214_complex.pdb
F730L_9MJT_VVD-214,ok,4189,31,F730L_9MJT_VVD-214_complex.pdb
G729D_9MJT_VVD-214,ok,4196,31,G729D_9MJT_VVD-214_complex.pdb
I852F_9MJT_VVD-214,ok,4196,31,I852F_9MJT_VVD-214_complex.pdb
L528S_9MJT_VVD-214,ok,4190,31,L528S_9MJT_VVD-214_complex.pdb
C727A_9S18_HRO761,ok,4152,51,C727A_9S18_HRO761_complex.pdb
C727R_9S18_HRO761,ok,4163,51,C727R_9S18_HRO761_complex.pdb
C727S_9S18_HRO761,ok,4155,51,C727S_9S18_HRO761_complex.pdb
F730L_9S18_HRO761,ok,4151,51,F730L_9S18_HRO761_complex.pdb
G729D_9S18_HRO761,ok,4159,51,G729D_9S18_HRO761_complex.pdb
I852F_9S18_HRO761,ok,4157,51,I852F_9S18_HRO761_complex.pdb
L528S_9S18_HRO761,ok,4155,51,L528S_9S18_HRO761_complex.pdb
C727A_9S18_VVD-214,ok,4152,31,C727A_9S18_VVD-214_complex.pdb
C727R_9S18_VVD-214,ok,4163,31,C727R_9S18_VVD-214_complex.pdb
C727S_9S18_VVD-214,ok,4155,31,C727S_9S18_VVD-214_complex.pdb
F730L_9S18_VVD-214,ok,4151,31,F730L_9S18_VVD-214_complex.pdb
G729D_9S18_VVD-214,ok,4159,31,G729D_9S18_VVD-214_complex.pdb
I852F_9S18_VVD-214,ok,4157,31,I852F_9S18_VVD-214_complex.pdb
L528S_9S18_VVD-214,ok,4155,31,L528S_9S18_VVD-214_complex.pdb
C727A_9MJT_VVD-214_cov,blocked,0,0,
C727A_9S18_VVD-214_cov,blocked,0,0,
C727A_7GQU_VVD-214_cov,blocked,0,0,
C727S_9MJT_VVD-214_cov,blocked,0,0,
C727S_9S18_VVD-214_cov,blocked,0,0,
C727S_7GQU_VVD-214_cov,blocked,0,0,
WT_9MJT_VVD-214_cov,ok,4349,33,WT_9MJT_VVD-214_cov_complex.pdb
WT_9S18_VVD-214_cov,ok,4367,33,WT_9S18_VVD-214_cov_complex.pdb
WT_7GQU_VVD-214_cov,ok,4319,33,WT_7GQU_VVD-214_cov_complex.pdb
L528S_9MJT_VVD-214_cov,ok,4190,33,L528S_9MJT_VVD-214_cov_complex.pdb
L528S_9S18_VVD-214_cov,ok,4155,33,L528S_9S18_VVD-214_cov_complex.pdb
L528S_7GQU_VVD-214_cov,ok,4125,33,L528S_7GQU_VVD-214_cov_complex.pdb
C727R_9MJT_VVD-214_cov,ok,4200,33,C727R_9MJT_VVD-214_cov_complex.pdb
C727R_9S18_VVD-214_cov,ok,4163,33,C727R_9S18_VVD-214_cov_complex.pdb
C727R_7GQU_VVD-214_cov,ok,4135,33,C727R_7GQU_VVD-214_cov_complex.pdb
G729D_9MJT_VVD-214_cov,ok,4196,33,G729D_9MJT_VVD-214_cov_complex.pdb
G729D_9S18_VVD-214_cov,ok,4159,33,G729D_9S18_VVD-214_cov_complex.pdb
G729D_7GQU_VVD-214_cov,ok,4130,33,G729D_7GQU_VVD-214_cov_complex.pdb
F730L_9MJT_VVD-214_cov,ok,4189,33,F730L_9MJT_VVD-214_cov_complex.pdb
F730L_9S18_VVD-214_cov,ok,4151,33,F730L_9S18_VVD-214_cov_complex.pdb
F730L_7GQU_VVD-214_cov,ok,4123,33,F730L_7GQU_VVD-214_cov_complex.pdb
I852F_9MJT_VVD-214_cov,ok,4196,33,I852F_9MJT_VVD-214_cov_complex.pdb
I852F_9S18_VVD-214_cov,ok,4157,33,I852F_9S18_VVD-214_cov_complex.pdb
I852F_7GQU_VVD-214_cov,ok,4129,33,I852F_7GQU_VVD-214_cov_complex.pdb
