structure_id,template,mutation,canonical_resid,canonical_label,resname,terminal_atom,sidechain_terminal_shift_A
7GQU_C727A_nolig,7GQU,C727A,528,L528,LEU,CD1,0.0
7GQU_C727A_nolig,7GQU,C727A,729,G729,GLY,CA,0.0
7GQU_C727A_nolig,7GQU,C727A,730,F730,PHE,CZ,0.0
7GQU_C727A_nolig,7GQU,C727A,852,I852,ILE,CD1,0.0
7GQU_C727A_nolig,7GQU,C727A,573,T573,THR,OG1,0.0
7GQU_C727A_nolig,7GQU,C727A,705,T705,THR,OG1,0.0
7GQU_C727A_nolig,7GQU,C727A,707,S707,SER,OG,0.0
7GQU_C727A_nolig,7GQU,C727A,711,R711,ARG,CZ,0.0
7GQU_C727A_nolig,7GQU,C727A,846,E846,GLU,OE1,0.0
7GQU_C727A_nolig,7GQU,C727A,849,Y849,TYR,OH,0.0
7GQU_C727A_nolig,7GQU,C727A,851,E851,GLU,OE1,0.0
7GQU_C727A_nolig,7GQU,C727A,917,F917,PHE,CZ,0.0
7GQU_C727A_nolig,7GQU,C727A,577,K577,LYS,NZ,0.0
7GQU_C727A_nolig,7GQU,C727A,575,Y575,TYR,OH,0.0
7GQU_C727R_nolig,7GQU,C727R,528,L528,LEU,CD1,0.0
7GQU_C727R_nolig,7GQU,C727R,729,G729,GLY,CA,0.0
7GQU_C727R_nolig,7GQU,C727R,730,F730,PHE,CZ,0.0
7GQU_C727R_nolig,7GQU,C727R,852,I852,ILE,CD1,0.0
7GQU_C727R_nolig,7GQU,C727R,573,T573,THR,OG1,0.0
7GQU_C727R_nolig,7GQU,C727R,705,T705,THR,OG1,0.0
7GQU_C727R_nolig,7GQU,C727R,707,S707,SER,OG,0.0
7GQU_C727R_nolig,7GQU,C727R,711,R711,ARG,CZ,0.0
7GQU_C727R_nolig,7GQU,C727R,846,E846,GLU,OE1,0.0
7GQU_C727R_nolig,7GQU,C727R,849,Y849,TYR,OH,0.0
7GQU_C727R_nolig,7GQU,C727R,851,E851,GLU,OE1,0.0
7GQU_C727R_nolig,7GQU,C727R,917,F917,PHE,CZ,0.0
7GQU_C727R_nolig,7GQU,C727R,577,K577,LYS,NZ,0.0
7GQU_C727R_nolig,7GQU,C727R,575,Y575,TYR,OH,0.0
7GQU_C727S_nolig,7GQU,C727S,528,L528,LEU,CD1,0.0
7GQU_C727S_nolig,7GQU,C727S,729,G729,GLY,CA,0.0
7GQU_C727S_nolig,7GQU,C727S,730,F730,PHE,CZ,0.0
7GQU_C727S_nolig,7GQU,C727S,852,I852,ILE,CD1,0.0
7GQU_C727S_nolig,7GQU,C727S,573,T573,THR,OG1,0.0
7GQU_C727S_nolig,7GQU,C727S,705,T705,THR,OG1,0.0
7GQU_C727S_nolig,7GQU,C727S,707,S707,SER,OG,0.0
7GQU_C727S_nolig,7GQU,C727S,711,R711,ARG,CZ,0.0
7GQU_C727S_nolig,7GQU,C727S,846,E846,GLU,OE1,0.0
7GQU_C727S_nolig,7GQU,C727S,849,Y849,TYR,OH,0.0
7GQU_C727S_nolig,7GQU,C727S,851,E851,GLU,OE1,0.0
7GQU_C727S_nolig,7GQU,C727S,917,F917,PHE,CZ,0.0
7GQU_C727S_nolig,7GQU,C727S,577,K577,LYS,NZ,0.0
7GQU_C727S_nolig,7GQU,C727S,575,Y575,TYR,OH,0.0
7GQU_F730L,7GQU,F730L,528,L528,LEU,CD1,0.0
7GQU_F730L,7GQU,F730L,727,C727,CYS,SG,0.0
7GQU_F730L,7GQU,F730L,729,G729,GLY,CA,0.0
7GQU_F730L,7GQU,F730L,852,I852,ILE,CD1,0.0
7GQU_F730L,7GQU,F730L,573,T573,THR,OG1,0.0
7GQU_F730L,7GQU,F730L,705,T705,THR,OG1,0.0
7GQU_F730L,7GQU,F730L,707,S707,SER,OG,0.0
7GQU_F730L,7GQU,F730L,711,R711,ARG,CZ,0.0
7GQU_F730L,7GQU,F730L,846,E846,GLU,OE1,0.0
7GQU_F730L,7GQU,F730L,849,Y849,TYR,OH,0.0
7GQU_F730L,7GQU,F730L,851,E851,GLU,OE1,0.0
7GQU_F730L,7GQU,F730L,917,F917,PHE,CZ,0.0
7GQU_F730L,7GQU,F730L,577,K577,LYS,NZ,0.0
7GQU_F730L,7GQU,F730L,575,Y575,TYR,OH,0.0
7GQU_G729D,7GQU,G729D,528,L528,LEU,CD1,0.0
7GQU_G729D,7GQU,G729D,727,C727,CYS,SG,0.0
7GQU_G729D,7GQU,G729D,730,F730,PHE,CZ,0.0
7GQU_G729D,7GQU,G729D,852,I852,ILE,CD1,0.0
7GQU_G729D,7GQU,G729D,573,T573,THR,OG1,0.0
7GQU_G729D,7GQU,G729D,705,T705,THR,OG1,0.0
7GQU_G729D,7GQU,G729D,707,S707,SER,OG,0.0
7GQU_G729D,7GQU,G729D,711,R711,ARG,CZ,0.0
7GQU_G729D,7GQU,G729D,846,E846,GLU,OE1,0.0
7GQU_G729D,7GQU,G729D,849,Y849,TYR,OH,0.0
7GQU_G729D,7GQU,G729D,851,E851,GLU,OE1,0.0
7GQU_G729D,7GQU,G729D,917,F917,PHE,CZ,0.0
7GQU_G729D,7GQU,G729D,577,K577,LYS,NZ,0.0
7GQU_G729D,7GQU,G729D,575,Y575,TYR,OH,0.0
7GQU_I852F,7GQU,I852F,528,L528,LEU,CD1,0.0
7GQU_I852F,7GQU,I852F,727,C727,CYS,SG,0.0
7GQU_I852F,7GQU,I852F,729,G729,GLY,CA,0.0
7GQU_I852F,7GQU,I852F,730,F730,PHE,CZ,0.0
7GQU_I852F,7GQU,I852F,573,T573,THR,OG1,0.0
7GQU_I852F,7GQU,I852F,705,T705,THR,OG1,0.0
7GQU_I852F,7GQU,I852F,707,S707,SER,OG,0.0
7GQU_I852F,7GQU,I852F,711,R711,ARG,CZ,0.0
7GQU_I852F,7GQU,I852F,846,E846,GLU,OE1,0.0
7GQU_I852F,7GQU,I852F,849,Y849,TYR,OH,0.0
7GQU_I852F,7GQU,I852F,851,E851,GLU,OE1,0.0
7GQU_I852F,7GQU,I852F,917,F917,PHE,CZ,0.0
7GQU_I852F,7GQU,I852F,577,K577,LYS,NZ,0.0
7GQU_I852F,7GQU,I852F,575,Y575,TYR,OH,0.0
7GQU_L528S,7GQU,L528S,727,C727,CYS,SG,0.0
7GQU_L528S,7GQU,L528S,729,G729,GLY,CA,0.0
7GQU_L528S,7GQU,L528S,730,F730,PHE,CZ,0.0
7GQU_L528S,7GQU,L528S,852,I852,ILE,CD1,0.0
7GQU_L528S,7GQU,L528S,573,T573,THR,OG1,0.0
7GQU_L528S,7GQU,L528S,705,T705,THR,OG1,0.0
7GQU_L528S,7GQU,L528S,707,S707,SER,OG,0.0
7GQU_L528S,7GQU,L528S,711,R711,ARG,CZ,0.0
7GQU_L528S,7GQU,L528S,846,E846,GLU,OE1,0.0
7GQU_L528S,7GQU,L528S,849,Y849,TYR,OH,0.0
7GQU_L528S,7GQU,L528S,851,E851,GLU,OE1,0.0
7GQU_L528S,7GQU,L528S,917,F917,PHE,CZ,0.0
7GQU_L528S,7GQU,L528S,577,K577,LYS,NZ,0.0
7GQU_L528S,7GQU,L528S,575,Y575,TYR,OH,0.0
9MJT_C727A,9MJT,C727A,528,L528,LEU,CD1,0.0
9MJT_C727A,9MJT,C727A,729,G729,GLY,CA,0.0
9MJT_C727A,9MJT,C727A,730,F730,PHE,CZ,0.0
9MJT_C727A,9MJT,C727A,852,I852,ILE,CD1,0.0
9MJT_C727A,9MJT,C727A,573,T573,THR,OG1,0.0
9MJT_C727A,9MJT,C727A,705,T705,THR,OG1,0.0
9MJT_C727A,9MJT,C727A,707,S707,SER,OG,0.0
9MJT_C727A,9MJT,C727A,711,R711,ARG,CZ,0.0
9MJT_C727A,9MJT,C727A,846,E846,GLU,OE1,0.0
9MJT_C727A,9MJT,C727A,849,Y849,TYR,OH,0.0
9MJT_C727A,9MJT,C727A,851,E851,GLU,OE1,0.0
9MJT_C727A,9MJT,C727A,917,F917,PHE,CZ,0.0
9MJT_C727A,9MJT,C727A,577,K577,LYS,NZ,0.0
9MJT_C727A,9MJT,C727A,575,Y575,TYR,OH,0.0
9MJT_C727R,9MJT,C727R,528,L528,LEU,CD1,0.0
9MJT_C727R,9MJT,C727R,729,G729,GLY,CA,0.0
9MJT_C727R,9MJT,C727R,730,F730,PHE,CZ,0.0
9MJT_C727R,9MJT,C727R,852,I852,ILE,CD1,0.0
9MJT_C727R,9MJT,C727R,573,T573,THR,OG1,0.0
9MJT_C727R,9MJT,C727R,705,T705,THR,OG1,0.0
9MJT_C727R,9MJT,C727R,707,S707,SER,OG,0.0
9MJT_C727R,9MJT,C727R,711,R711,ARG,CZ,0.0
9MJT_C727R,9MJT,C727R,846,E846,GLU,OE1,0.0
9MJT_C727R,9MJT,C727R,849,Y849,TYR,OH,0.0
9MJT_C727R,9MJT,C727R,851,E851,GLU,OE1,0.0
9MJT_C727R,9MJT,C727R,917,F917,PHE,CZ,0.0
9MJT_C727R,9MJT,C727R,577,K577,LYS,NZ,0.0
9MJT_C727R,9MJT,C727R,575,Y575,TYR,OH,0.0
9MJT_C727S,9MJT,C727S,528,L528,LEU,CD1,0.0
9MJT_C727S,9MJT,C727S,729,G729,GLY,CA,0.0
9MJT_C727S,9MJT,C727S,730,F730,PHE,CZ,0.0
9MJT_C727S,9MJT,C727S,852,I852,ILE,CD1,0.0
9MJT_C727S,9MJT,C727S,573,T573,THR,OG1,0.0
9MJT_C727S,9MJT,C727S,705,T705,THR,OG1,0.0
9MJT_C727S,9MJT,C727S,707,S707,SER,OG,0.0
9MJT_C727S,9MJT,C727S,711,R711,ARG,CZ,0.0
9MJT_C727S,9MJT,C727S,846,E846,GLU,OE1,0.0
9MJT_C727S,9MJT,C727S,849,Y849,TYR,OH,0.0
9MJT_C727S,9MJT,C727S,851,E851,GLU,OE1,0.0
9MJT_C727S,9MJT,C727S,917,F917,PHE,CZ,0.0
9MJT_C727S,9MJT,C727S,577,K577,LYS,NZ,0.0
9MJT_C727S,9MJT,C727S,575,Y575,TYR,OH,0.0
9MJT_F730L,9MJT,F730L,528,L528,LEU,CD1,0.0
9MJT_F730L,9MJT,F730L,727,C727,CYS,SG,0.0
9MJT_F730L,9MJT,F730L,729,G729,GLY,CA,0.0
9MJT_F730L,9MJT,F730L,852,I852,ILE,CD1,0.0
9MJT_F730L,9MJT,F730L,573,T573,THR,OG1,0.0
9MJT_F730L,9MJT,F730L,705,T705,THR,OG1,0.0
9MJT_F730L,9MJT,F730L,707,S707,SER,OG,0.0
9MJT_F730L,9MJT,F730L,711,R711,ARG,CZ,0.0
9MJT_F730L,9MJT,F730L,846,E846,GLU,OE1,0.0
9MJT_F730L,9MJT,F730L,849,Y849,TYR,OH,0.0
9MJT_F730L,9MJT,F730L,851,E851,GLU,OE1,0.0
9MJT_F730L,9MJT,F730L,917,F917,PHE,CZ,0.0
9MJT_F730L,9MJT,F730L,577,K577,LYS,NZ,0.0
9MJT_F730L,9MJT,F730L,575,Y575,TYR,OH,0.0
9MJT_G729D,9MJT,G729D,528,L528,LEU,CD1,0.0
9MJT_G729D,9MJT,G729D,727,C727,CYS,SG,0.0
9MJT_G729D,9MJT,G729D,730,F730,PHE,CZ,0.0
9MJT_G729D,9MJT,G729D,852,I852,ILE,CD1,0.0
9MJT_G729D,9MJT,G729D,573,T573,THR,OG1,0.0
9MJT_G729D,9MJT,G729D,705,T705,THR,OG1,0.0
9MJT_G729D,9MJT,G729D,707,S707,SER,OG,0.0
9MJT_G729D,9MJT,G729D,711,R711,ARG,CZ,0.0
9MJT_G729D,9MJT,G729D,846,E846,GLU,OE1,0.0
9MJT_G729D,9MJT,G729D,849,Y849,TYR,OH,0.0
9MJT_G729D,9MJT,G729D,851,E851,GLU,OE1,0.0
9MJT_G729D,9MJT,G729D,917,F917,PHE,CZ,0.0
9MJT_G729D,9MJT,G729D,577,K577,LYS,NZ,0.0
9MJT_G729D,9MJT,G729D,575,Y575,TYR,OH,0.0
9MJT_I852F,9MJT,I852F,528,L528,LEU,CD1,0.0
9MJT_I852F,9MJT,I852F,727,C727,CYS,SG,0.0
9MJT_I852F,9MJT,I852F,729,G729,GLY,CA,0.0
9MJT_I852F,9MJT,I852F,730,F730,PHE,CZ,0.0
9MJT_I852F,9MJT,I852F,573,T573,THR,OG1,0.0
9MJT_I852F,9MJT,I852F,705,T705,THR,OG1,0.0
9MJT_I852F,9MJT,I852F,707,S707,SER,OG,0.0
9MJT_I852F,9MJT,I852F,711,R711,ARG,CZ,0.0
9MJT_I852F,9MJT,I852F,846,E846,GLU,OE1,0.0
9MJT_I852F,9MJT,I852F,849,Y849,TYR,OH,0.0
9MJT_I852F,9MJT,I852F,851,E851,GLU,OE1,0.0
9MJT_I852F,9MJT,I852F,917,F917,PHE,CZ,0.0
9MJT_I852F,9MJT,I852F,577,K577,LYS,NZ,0.0
9MJT_I852F,9MJT,I852F,575,Y575,TYR,OH,0.0
9MJT_L528S,9MJT,L528S,727,C727,CYS,SG,0.0
9MJT_L528S,9MJT,L528S,729,G729,GLY,CA,0.0
9MJT_L528S,9MJT,L528S,730,F730,PHE,CZ,0.0
9MJT_L528S,9MJT,L528S,852,I852,ILE,CD1,0.0
9MJT_L528S,9MJT,L528S,573,T573,THR,OG1,0.0
9MJT_L528S,9MJT,L528S,705,T705,THR,OG1,0.0
9MJT_L528S,9MJT,L528S,707,S707,SER,OG,0.0
9MJT_L528S,9MJT,L528S,711,R711,ARG,CZ,0.0
9MJT_L528S,9MJT,L528S,846,E846,GLU,OE1,0.0
9MJT_L528S,9MJT,L528S,849,Y849,TYR,OH,0.0
9MJT_L528S,9MJT,L528S,851,E851,GLU,OE1,0.0
9MJT_L528S,9MJT,L528S,917,F917,PHE,CZ,0.0
9MJT_L528S,9MJT,L528S,577,K577,LYS,NZ,0.0
9MJT_L528S,9MJT,L528S,575,Y575,TYR,OH,0.0
9S18_C727A,9S18,C727A,528,L528,LEU,CD1,0.0
9S18_C727A,9S18,C727A,729,G729,GLY,CA,0.0
9S18_C727A,9S18,C727A,730,F730,PHE,CZ,0.0
9S18_C727A,9S18,C727A,852,I852,ILE,CD1,0.0
9S18_C727A,9S18,C727A,573,T573,THR,OG1,0.0
9S18_C727A,9S18,C727A,705,T705,THR,OG1,0.0
9S18_C727A,9S18,C727A,707,S707,SER,OG,0.0
9S18_C727A,9S18,C727A,711,R711,ARG,CZ,0.0
9S18_C727A,9S18,C727A,846,E846,GLU,OE1,0.0
9S18_C727A,9S18,C727A,849,Y849,TYR,OH,0.0
9S18_C727A,9S18,C727A,851,E851,GLU,OE1,0.0
9S18_C727A,9S18,C727A,917,F917,PHE,CZ,0.0
9S18_C727A,9S18,C727A,577,K577,LYS,NZ,0.0
9S18_C727A,9S18,C727A,575,Y575,TYR,OH,0.0
9S18_C727R,9S18,C727R,528,L528,LEU,CD1,0.0
9S18_C727R,9S18,C727R,729,G729,GLY,CA,0.0
9S18_C727R,9S18,C727R,730,F730,PHE,CZ,0.0
9S18_C727R,9S18,C727R,852,I852,ILE,CD1,0.0
9S18_C727R,9S18,C727R,573,T573,THR,OG1,0.0
9S18_C727R,9S18,C727R,705,T705,THR,OG1,0.0
9S18_C727R,9S18,C727R,707,S707,SER,OG,0.0
9S18_C727R,9S18,C727R,711,R711,ARG,CZ,0.0
9S18_C727R,9S18,C727R,846,E846,GLU,OE1,0.0
9S18_C727R,9S18,C727R,849,Y849,TYR,OH,0.0
9S18_C727R,9S18,C727R,851,E851,GLU,OE1,0.0
9S18_C727R,9S18,C727R,917,F917,PHE,CZ,0.0
9S18_C727R,9S18,C727R,577,K577,LYS,NZ,0.0
9S18_C727R,9S18,C727R,575,Y575,TYR,OH,0.0
9S18_C727S,9S18,C727S,528,L528,LEU,CD1,0.0
9S18_C727S,9S18,C727S,729,G729,GLY,CA,0.0
9S18_C727S,9S18,C727S,730,F730,PHE,CZ,0.0
9S18_C727S,9S18,C727S,852,I852,ILE,CD1,0.0
9S18_C727S,9S18,C727S,573,T573,THR,OG1,0.0
9S18_C727S,9S18,C727S,705,T705,THR,OG1,0.0
9S18_C727S,9S18,C727S,707,S707,SER,OG,0.0
9S18_C727S,9S18,C727S,711,R711,ARG,CZ,0.0
9S18_C727S,9S18,C727S,846,E846,GLU,OE1,0.0
9S18_C727S,9S18,C727S,849,Y849,TYR,OH,0.0
9S18_C727S,9S18,C727S,851,E851,GLU,OE1,0.0
9S18_C727S,9S18,C727S,917,F917,PHE,CZ,0.0
9S18_C727S,9S18,C727S,577,K577,LYS,NZ,0.0
9S18_C727S,9S18,C727S,575,Y575,TYR,OH,0.0
9S18_F730L,9S18,F730L,528,L528,LEU,CD1,0.0
9S18_F730L,9S18,F730L,727,C727,CYS,SG,0.0
9S18_F730L,9S18,F730L,729,G729,GLY,CA,0.0
9S18_F730L,9S18,F730L,852,I852,ILE,CD1,0.0
9S18_F730L,9S18,F730L,573,T573,THR,OG1,0.0
9S18_F730L,9S18,F730L,705,T705,THR,OG1,0.0
9S18_F730L,9S18,F730L,707,S707,SER,OG,0.0
9S18_F730L,9S18,F730L,711,R711,ARG,CZ,0.0
9S18_F730L,9S18,F730L,846,E846,GLU,OE1,0.0
9S18_F730L,9S18,F730L,849,Y849,TYR,OH,0.0
9S18_F730L,9S18,F730L,851,E851,GLU,OE1,0.0
9S18_F730L,9S18,F730L,917,F917,PHE,CZ,0.0
9S18_F730L,9S18,F730L,577,K577,LYS,NZ,0.0
9S18_F730L,9S18,F730L,575,Y575,TYR,OH,0.0
9S18_G729D,9S18,G729D,528,L528,LEU,CD1,0.0
9S18_G729D,9S18,G729D,727,C727,CYS,SG,0.0
9S18_G729D,9S18,G729D,730,F730,PHE,CZ,0.0
9S18_G729D,9S18,G729D,852,I852,ILE,CD1,0.0
9S18_G729D,9S18,G729D,573,T573,THR,OG1,0.0
9S18_G729D,9S18,G729D,705,T705,THR,OG1,0.0
9S18_G729D,9S18,G729D,707,S707,SER,OG,0.0
9S18_G729D,9S18,G729D,711,R711,ARG,CZ,0.0
9S18_G729D,9S18,G729D,846,E846,GLU,OE1,0.0
9S18_G729D,9S18,G729D,849,Y849,TYR,OH,0.0
9S18_G729D,9S18,G729D,851,E851,GLU,OE1,0.0
9S18_G729D,9S18,G729D,917,F917,PHE,CZ,0.0
9S18_G729D,9S18,G729D,577,K577,LYS,NZ,0.0
9S18_G729D,9S18,G729D,575,Y575,TYR,OH,0.0
9S18_I852F,9S18,I852F,528,L528,LEU,CD1,0.0
9S18_I852F,9S18,I852F,727,C727,CYS,SG,0.0
9S18_I852F,9S18,I852F,729,G729,GLY,CA,0.0
9S18_I852F,9S18,I852F,730,F730,PHE,CZ,0.0
9S18_I852F,9S18,I852F,573,T573,THR,OG1,0.0
9S18_I852F,9S18,I852F,705,T705,THR,OG1,0.0
9S18_I852F,9S18,I852F,707,S707,SER,OG,0.0
9S18_I852F,9S18,I852F,711,R711,ARG,CZ,0.0
9S18_I852F,9S18,I852F,846,E846,GLU,OE1,0.0
9S18_I852F,9S18,I852F,849,Y849,TYR,OH,0.0
9S18_I852F,9S18,I852F,851,E851,GLU,OE1,0.0
9S18_I852F,9S18,I852F,917,F917,PHE,CZ,0.0
9S18_I852F,9S18,I852F,577,K577,LYS,NZ,0.0
9S18_I852F,9S18,I852F,575,Y575,TYR,OH,0.0
9S18_L528S,9S18,L528S,727,C727,CYS,SG,0.0
9S18_L528S,9S18,L528S,729,G729,GLY,CA,0.0
9S18_L528S,9S18,L528S,730,F730,PHE,CZ,0.0
9S18_L528S,9S18,L528S,852,I852,ILE,CD1,0.0
9S18_L528S,9S18,L528S,573,T573,THR,OG1,0.0
9S18_L528S,9S18,L528S,705,T705,THR,OG1,0.0
9S18_L528S,9S18,L528S,707,S707,SER,OG,0.0
9S18_L528S,9S18,L528S,711,R711,ARG,CZ,0.0
9S18_L528S,9S18,L528S,846,E846,GLU,OE1,0.0
9S18_L528S,9S18,L528S,849,Y849,TYR,OH,0.0
9S18_L528S,9S18,L528S,851,E851,GLU,OE1,0.0
9S18_L528S,9S18,L528S,917,F917,PHE,CZ,0.0
9S18_L528S,9S18,L528S,577,K577,LYS,NZ,0.0
9S18_L528S,9S18,L528S,575,Y575,TYR,OH,0.0
9S19_C727A,9S19,C727A,528,L528,LEU,CD1,0.0
9S19_C727A,9S19,C727A,729,G729,GLY,CA,0.0
9S19_C727A,9S19,C727A,730,F730,PHE,CZ,0.0
9S19_C727A,9S19,C727A,852,I852,ILE,CD1,0.0
9S19_C727A,9S19,C727A,573,T573,THR,OG1,0.0
9S19_C727A,9S19,C727A,705,T705,THR,OG1,0.0
9S19_C727A,9S19,C727A,707,S707,SER,OG,0.0
9S19_C727A,9S19,C727A,711,R711,ARG,CZ,0.0
9S19_C727A,9S19,C727A,846,E846,GLU,OE1,0.0
9S19_C727A,9S19,C727A,849,Y849,TYR,OH,0.0
9S19_C727A,9S19,C727A,851,E851,GLU,OE1,0.0
9S19_C727A,9S19,C727A,917,F917,PHE,CZ,0.0
9S19_C727A,9S19,C727A,577,K577,LYS,NZ,0.0
9S19_C727A,9S19,C727A,575,Y575,TYR,OH,0.0
9S19_C727R,9S19,C727R,528,L528,LEU,CD1,0.0
9S19_C727R,9S19,C727R,729,G729,GLY,CA,0.0
9S19_C727R,9S19,C727R,730,F730,PHE,CZ,0.0
9S19_C727R,9S19,C727R,852,I852,ILE,CD1,0.0
9S19_C727R,9S19,C727R,573,T573,THR,OG1,0.0
9S19_C727R,9S19,C727R,705,T705,THR,OG1,0.0
9S19_C727R,9S19,C727R,707,S707,SER,OG,0.0
9S19_C727R,9S19,C727R,711,R711,ARG,CZ,0.0
9S19_C727R,9S19,C727R,846,E846,GLU,OE1,0.0
9S19_C727R,9S19,C727R,849,Y849,TYR,OH,0.0
9S19_C727R,9S19,C727R,851,E851,GLU,OE1,0.0
9S19_C727R,9S19,C727R,917,F917,PHE,CZ,0.0
9S19_C727R,9S19,C727R,577,K577,LYS,NZ,0.0
9S19_C727R,9S19,C727R,575,Y575,TYR,OH,0.0
9S19_C727S,9S19,C727S,528,L528,LEU,CD1,0.0
9S19_C727S,9S19,C727S,729,G729,GLY,CA,0.0
9S19_C727S,9S19,C727S,730,F730,PHE,CZ,0.0
9S19_C727S,9S19,C727S,852,I852,ILE,CD1,0.0
9S19_C727S,9S19,C727S,573,T573,THR,OG1,0.0
9S19_C727S,9S19,C727S,705,T705,THR,OG1,0.0
9S19_C727S,9S19,C727S,707,S707,SER,OG,0.0
9S19_C727S,9S19,C727S,711,R711,ARG,CZ,0.0
9S19_C727S,9S19,C727S,846,E846,GLU,OE1,0.0
9S19_C727S,9S19,C727S,849,Y849,TYR,OH,0.0
9S19_C727S,9S19,C727S,851,E851,GLU,OE1,0.0
9S19_C727S,9S19,C727S,917,F917,PHE,CZ,0.0
9S19_C727S,9S19,C727S,577,K577,LYS,NZ,0.0
9S19_C727S,9S19,C727S,575,Y575,TYR,OH,0.0
9S19_F730L,9S19,F730L,528,L528,LEU,CD1,0.0
9S19_F730L,9S19,F730L,727,C727,CYS,SG,0.0
9S19_F730L,9S19,F730L,729,G729,GLY,CA,0.0
9S19_F730L,9S19,F730L,852,I852,ILE,CD1,0.0
9S19_F730L,9S19,F730L,573,T573,THR,OG1,0.0
9S19_F730L,9S19,F730L,705,T705,THR,OG1,0.0
9S19_F730L,9S19,F730L,707,S707,SER,OG,0.0
9S19_F730L,9S19,F730L,711,R711,ARG,CZ,0.0
9S19_F730L,9S19,F730L,846,E846,GLU,OE1,0.0
9S19_F730L,9S19,F730L,849,Y849,TYR,OH,0.0
9S19_F730L,9S19,F730L,851,E851,GLU,OE1,0.0
9S19_F730L,9S19,F730L,917,F917,PHE,CZ,0.0
9S19_F730L,9S19,F730L,577,K577,LYS,NZ,0.0
9S19_F730L,9S19,F730L,575,Y575,TYR,OH,0.0
9S19_G729D,9S19,G729D,528,L528,LEU,CD1,0.0
9S19_G729D,9S19,G729D,727,C727,CYS,SG,0.0
9S19_G729D,9S19,G729D,730,F730,PHE,CZ,0.0
9S19_G729D,9S19,G729D,852,I852,ILE,CD1,0.0
9S19_G729D,9S19,G729D,573,T573,THR,OG1,0.0
9S19_G729D,9S19,G729D,705,T705,THR,OG1,0.0
9S19_G729D,9S19,G729D,707,S707,SER,OG,0.0
9S19_G729D,9S19,G729D,711,R711,ARG,CZ,0.0
9S19_G729D,9S19,G729D,846,E846,GLU,OE1,0.0
9S19_G729D,9S19,G729D,849,Y849,TYR,OH,0.0
9S19_G729D,9S19,G729D,851,E851,GLU,OE1,0.0
9S19_G729D,9S19,G729D,917,F917,PHE,CZ,0.0
9S19_G729D,9S19,G729D,577,K577,LYS,NZ,0.0
9S19_G729D,9S19,G729D,575,Y575,TYR,OH,0.0
9S19_I852F,9S19,I852F,528,L528,LEU,CD1,0.0
9S19_I852F,9S19,I852F,727,C727,CYS,SG,0.0
9S19_I852F,9S19,I852F,729,G729,GLY,CA,0.0
9S19_I852F,9S19,I852F,730,F730,PHE,CZ,0.0
9S19_I852F,9S19,I852F,573,T573,THR,OG1,0.0
9S19_I852F,9S19,I852F,705,T705,THR,OG1,0.0
9S19_I852F,9S19,I852F,707,S707,SER,OG,0.0
9S19_I852F,9S19,I852F,711,R711,ARG,CZ,0.0
9S19_I852F,9S19,I852F,846,E846,GLU,OE1,0.0
9S19_I852F,9S19,I852F,849,Y849,TYR,OH,0.0
9S19_I852F,9S19,I852F,851,E851,GLU,OE1,0.0
9S19_I852F,9S19,I852F,917,F917,PHE,CZ,0.0
9S19_I852F,9S19,I852F,577,K577,LYS,NZ,0.0
9S19_I852F,9S19,I852F,575,Y575,TYR,OH,0.0
9S19_L528S,9S19,L528S,727,C727,CYS,SG,0.0
9S19_L528S,9S19,L528S,729,G729,GLY,CA,0.0
9S19_L528S,9S19,L528S,730,F730,PHE,CZ,0.0
9S19_L528S,9S19,L528S,852,I852,ILE,CD1,0.0
9S19_L528S,9S19,L528S,573,T573,THR,OG1,0.0
9S19_L528S,9S19,L528S,705,T705,THR,OG1,0.0
9S19_L528S,9S19,L528S,707,S707,SER,OG,0.0
9S19_L528S,9S19,L528S,711,R711,ARG,CZ,0.0
9S19_L528S,9S19,L528S,846,E846,GLU,OE1,0.0
9S19_L528S,9S19,L528S,849,Y849,TYR,OH,0.0
9S19_L528S,9S19,L528S,851,E851,GLU,OE1,0.0
9S19_L528S,9S19,L528S,917,F917,PHE,CZ,0.0
9S19_L528S,9S19,L528S,577,K577,LYS,NZ,0.0
9S19_L528S,9S19,L528S,575,Y575,TYR,OH,0.0
