structure_id,template,mutation,mut_file_resid,mut_atom,partner_resname,partner_file_pos,partner_atom,distance_A,partner_canonical_pos,partner_canonical_label
7GQU_C727R_nolig,7GQU,C727R,201,ARG201:CG,THR,202,O,1.911,728,pos728
7GQU_C727R_nolig,7GQU,C727R,201,ARG201:CD,THR,202,O,2.23,728,pos728
7GQU_C727R_nolig,7GQU,C727R,201,ARG201:CZ,PHE,391,CB,2.218,917,F917
7GQU_C727R_nolig,7GQU,C727R,201,ARG201:NH2,PHE,391,CB,1.47,917,F917
7GQU_C727R_nolig,7GQU,C727R,201,ARG201:CZ,PHE,391,CG,2.051,917,F917
7GQU_C727R_nolig,7GQU,C727R,201,ARG201:NH2,PHE,391,CG,2.095,917,F917
7GQU_C727R_nolig,7GQU,C727R,201,ARG201:CD,PHE,391,CD2,2.288,917,F917
7GQU_C727R_nolig,7GQU,C727R,201,ARG201:NE,PHE,391,CD2,1.41,917,F917
7GQU_C727R_nolig,7GQU,C727R,201,ARG201:CZ,PHE,391,CD2,1.445,917,F917
7GQU_C727R_nolig,7GQU,C727R,201,ARG201:NH1,PHE,391,CD2,2.067,917,F917
7GQU_C727R_nolig,7GQU,C727R,201,ARG201:NH2,PHE,391,CD2,2.301,917,F917
7GQU_C727R_nolig,7GQU,C727R,201,ARG201:CD,PHE,391,CE2,1.999,917,F917
7GQU_C727R_nolig,7GQU,C727R,201,ARG201:NE,PHE,391,CE2,2.104,917,F917
7GQU_G729D,7GQU,G729D,203,ASP203:OD2,THR,202,CA,1.997,728,pos728
7GQU_G729D,7GQU,G729D,203,ASP203:CG,THR,202,C,1.85,728,pos728
7GQU_G729D,7GQU,G729D,203,ASP203:OD2,THR,202,C,1.32,728,pos728
7GQU_G729D,7GQU,G729D,203,ASP203:CG,THR,202,O,1.867,728,pos728
7GQU_G729D,7GQU,G729D,203,ASP203:OD2,THR,202,O,1.316,728,pos728
7GQU_G729D,7GQU,G729D,203,ASP203:OD2,THR,202,CB,2.283,728,pos728
7GQU_G729D,7GQU,G729D,203,ASP203:OD2,THR,202,OG1,2.158,728,pos728
7GQU_G729D,7GQU,G729D,203,ASP203:CB,PHE,204,N,2.387,730,F730
7GQU_G729D,7GQU,G729D,203,ASP203:OD1,TYR,323,CZ,1.976,849,Y849
7GQU_G729D,7GQU,G729D,203,ASP203:CG,TYR,323,OH,1.863,849,Y849
7GQU_G729D,7GQU,G729D,203,ASP203:OD1,TYR,323,OH,1.41,849,Y849
7GQU_I852F,7GQU,I852F,326,PHE326:CZ,LEU,211,CD2,1.943,737,pos737
7GQU_I852F,7GQU,I852F,326,PHE326:CE2,LEU,211,CD2,2.029,737,pos737
9MJT_G729D,9MJT,G729D,213,ASP213:CB,THR,212,C,2.109,728,pos728
9MJT_G729D,9MJT,G729D,213,ASP213:CG,THR,212,C,1.674,728,pos728
9MJT_G729D,9MJT,G729D,213,ASP213:OD1,THR,212,C,1.97,728,pos728
9MJT_G729D,9MJT,G729D,213,ASP213:CB,THR,212,O,2.31,728,pos728
9MJT_G729D,9MJT,G729D,213,ASP213:CG,THR,212,O,1.046,728,pos728
9MJT_G729D,9MJT,G729D,213,ASP213:OD1,THR,212,O,1.051,728,pos728
9MJT_G729D,9MJT,G729D,213,ASP213:OD2,THR,212,O,1.764,728,pos728
9MJT_I852F,9MJT,I852F,336,PHE336:CZ,LEU,221,CD2,2.002,737,pos737
9MJT_I852F,9MJT,I852F,336,PHE336:CE2,LEU,221,CD2,2.351,737,pos737
9S18_G729D,9S18,G729D,208,ASP208:OD1,ALA,51,N,1.869,572,pos572
9S18_G729D,9S18,G729D,208,ASP208:OD2,ALA,51,O,2.225,572,pos572
9S18_G729D,9S18,G729D,208,ASP208:CG,THR,207,O,2.129,728,pos728
9S18_G729D,9S18,G729D,208,ASP208:OD1,THR,207,O,1.499,728,pos728
9S18_I852F,9S18,I852F,331,PHE331:CZ,LEU,216,CD2,2.123,737,pos737
9S18_I852F,9S18,I852F,331,PHE331:CE2,LEU,216,CD2,1.85,737,pos737
