structure_id,template,mutation,n_clashes,min_clash_dist,unique_partner_positions,partner_summary
7GQU_C727A_nolig,7GQU,C727A,0,,,
7GQU_C727R_nolig,7GQU,C727R,13,1.41,2.0,F917;pos728
7GQU_C727S_nolig,7GQU,C727S,0,,,
7GQU_F730L,7GQU,F730L,0,,,
7GQU_G729D,7GQU,G729D,11,1.316,3.0,F730;Y849;pos728
7GQU_I852F,7GQU,I852F,2,1.943,1.0,pos737
7GQU_L528S,7GQU,L528S,0,,,
9MJT_C727A,9MJT,C727A,0,,,
9MJT_C727R,9MJT,C727R,0,,,
9MJT_C727S,9MJT,C727S,0,,,
9MJT_F730L,9MJT,F730L,0,,,
9MJT_G729D,9MJT,G729D,7,1.046,1.0,pos728
9MJT_I852F,9MJT,I852F,2,2.002,1.0,pos737
9MJT_L528S,9MJT,L528S,0,,,
9S18_C727A,9S18,C727A,0,,,
9S18_C727R,9S18,C727R,0,,,
9S18_C727S,9S18,C727S,0,,,
9S18_F730L,9S18,F730L,0,,,
9S18_G729D,9S18,G729D,4,1.499,2.0,pos572;pos728
9S18_I852F,9S18,I852F,2,1.85,1.0,pos737
9S18_L528S,9S18,L528S,0,,,
9S19_C727A,9S19,C727A,0,,,
9S19_C727R,9S19,C727R,0,,,
9S19_C727S,9S19,C727S,0,,,
9S19_F730L,9S19,F730L,0,,,
9S19_G729D,9S19,G729D,0,,,
9S19_I852F,9S19,I852F,0,,,
9S19_L528S,9S19,L528S,0,,,
