model_id,template,mutation,ligand_removed,mutated_chain,n_common_residues,n_mutation_matches,n_rebuild_artifacts,mutation_wt_res,mutation_mut_res,mutation_wt_orig_resid,mutation_mut_orig_resid,ca_rmsd_global_A,backbone_rmsd_global_A,ca_rmsd_clean_A,backbone_rmsd_clean_A,ca_rmsd_local_pm5_A
7GQU_C727A_nolig,7GQU,C727A,True,A,419,1,0,CYS,ALA,212,201,0.0,0.0,0.0,0.0,0.0
7GQU_C727R_nolig,7GQU,C727R,True,A,419,1,0,CYS,ARG,212,201,0.0,0.0,0.0,0.0,0.0
7GQU_C727S_nolig,7GQU,C727S,True,A,419,1,0,CYS,SER,212,201,0.0,0.0,0.0,0.0,0.0
7GQU_F730L,7GQU,F730L,False,A,419,1,0,PHE,LEU,215,204,0.0,0.0,0.0,0.0,0.0
7GQU_G729D,7GQU,G729D,False,A,419,1,0,GLY,ASP,214,203,0.0,0.0,0.0,0.0,0.0
7GQU_I852F,7GQU,I852F,False,A,419,1,0,ILE,PHE,337,326,0.0,0.0,0.0,0.0,0.0
7GQU_L528S,7GQU,L528S,False,A,419,1,0,LEU,SER,13,2,0.0,0.0,0.0,0.0,0.0
9MJT_C727A,9MJT,C727A,False,A,426,1,0,CYS,ALA,228,211,0.0,0.0,0.0,0.0,0.0
9MJT_C727R,9MJT,C727R,False,A,426,1,0,CYS,ARG,228,211,0.0,0.0,0.0,0.0,0.0
9MJT_C727S,9MJT,C727S,False,A,426,1,0,CYS,SER,228,211,0.0,0.0,0.0,0.0,0.0
9MJT_F730L,9MJT,F730L,False,A,426,1,0,PHE,LEU,231,214,0.0,0.0,0.0,0.0,0.0
9MJT_G729D,9MJT,G729D,False,A,426,1,0,GLY,ASP,230,213,0.0,0.0,0.0,0.0,0.0
9MJT_I852F,9MJT,I852F,False,A,426,1,0,ILE,PHE,353,336,0.0,0.0,0.0,0.0,0.0
9MJT_L528S,9MJT,L528S,False,A,426,1,0,LEU,SER,29,12,0.0,0.0,0.0,0.0,0.0
9S18_C727A,9S18,C727A,False,A,422,1,0,CYS,ALA,227,206,0.0,0.0,0.0,0.0,0.0
9S18_C727R,9S18,C727R,False,A,422,1,0,CYS,ARG,227,206,0.0,0.0,0.0,0.0,0.0
9S18_C727S,9S18,C727S,False,A,422,1,0,CYS,SER,227,206,0.0,0.0,0.0,0.0,0.0
9S18_F730L,9S18,F730L,False,A,422,1,0,PHE,LEU,230,209,0.0,0.0,0.0,0.0,0.0
9S18_G729D,9S18,G729D,False,A,422,1,0,GLY,ASP,229,208,0.0,0.0,0.0,0.0,0.0
9S18_I852F,9S18,I852F,False,A,422,1,0,ILE,PHE,352,331,0.0,0.0,0.0,0.0,0.0
9S18_L528S,9S18,L528S,False,A,422,1,0,LEU,SER,28,7,0.0,0.0,0.0,0.0,0.0
9S19_C727A,9S19,C727A,False,C,409,1,14,CYS,ALA,213,203,2.2913,2.2907,0.0,0.0,0.0
9S19_C727R,9S19,C727R,False,C,409,1,14,CYS,ARG,213,203,2.2913,2.2907,0.0,0.0,0.0
9S19_C727S,9S19,C727S,False,C,409,1,14,CYS,SER,213,203,2.2913,2.2907,0.0,0.0,0.0
9S19_F730L,9S19,F730L,False,C,409,1,14,PHE,LEU,216,206,2.2913,2.2907,0.0,0.0,0.0
9S19_G729D,9S19,G729D,False,C,409,1,14,GLY,ASP,215,205,2.2913,2.2907,0.0,0.0,0.0
9S19_I852F,9S19,I852F,False,C,409,1,14,ILE,PHE,338,328,2.2913,2.2907,0.0,0.0,0.0
9S19_L528S,9S19,L528S,False,C,409,1,14,LEU,SER,14,4,2.2913,2.2907,0.0,0.0,0.0
