docking_id,mutation,template,ligand,vina_covalent_context,job_id,submit_status,fasta_path,submit_error,retry_of,msa_mode
C727R_9S18_HRO761,C727R,9S18,HRO761,False,688f6f4a-29e5-4b5c-bf0f-a3184412042e,failed_msa_timeout,/workspace/chai1_fastas/C727R_9S18_HRO761.fasta,,,with_msa
C727R_9MJT_VVD-214,C727R,9MJT,VVD-214,False,6a5a8721-c827-49c2-b4fb-33043dfaa1dd,failed_msa_timeout,/workspace/chai1_fastas/C727R_9MJT_VVD-214.fasta,,,with_msa
C727S_9MJT_VVD-214,C727S,9MJT,VVD-214,False,f144aa8f-de96-405a-bbce-107ae37e1d2c,failed_msa_timeout,/workspace/chai1_fastas/C727S_9MJT_VVD-214.fasta,,,with_msa
G729D_9MJT_VVD-214,G729D,9MJT,VVD-214,False,6065d113-b8f6-4d52-ba69-7988f1a9abcb,completed,/workspace/chai1_fastas/G729D_9MJT_VVD-214.fasta,HPC API job creation failed (429 Too Many Requests): You already have an active GPU job running. Each user is limited to 3 concurrent GPU jobs. Please wait for your current GPU job to complete before submitting another.,,no_msa
L528S_9MJT_VVD-214,L528S,9MJT,VVD-214,False,83be1602-5c7c-41a2-8de0-72bc2a0bb19f,completed,/workspace/chai1_fastas/L528S_9MJT_VVD-214.fasta,HPC API job creation failed (429 Too Many Requests): You already have an active GPU job running. Each user is limited to 3 concurrent GPU jobs. Please wait for your current GPU job to complete before submitting another.,,no_msa
C727A_9MJT_VVD-214_cov,C727A,9MJT,VVD-214,True,70cd0b80-8789-4e5f-a420-3f9d13849440,completed,/workspace/chai1_fastas/C727A_9MJT_VVD-214_cov.fasta,HPC API job creation failed (429 Too Many Requests): You already have an active GPU job running. Each user is limited to 3 concurrent GPU jobs. Please wait for your current GPU job to complete before submitting another.,,no_msa
C727S_9MJT_VVD-214_cov,C727S,9MJT,VVD-214,True,273daa8e-a5df-4c75-8b28-683c38365b7f,completed,/workspace/chai1_fastas/C727S_9MJT_VVD-214_cov.fasta,HPC API job creation failed (429 Too Many Requests): You already have an active GPU job running. Each user is limited to 3 concurrent GPU jobs. Please wait for your current GPU job to complete before submitting another.,,no_msa
F730L_9MJT_VVD-214,F730L,9MJT,VVD-214,False,d95c0cec-0aa1-40f5-aaf5-d4866884e468,completed,/workspace/chai1_fastas/F730L_9MJT_VVD-214.fasta,HPC API job creation failed (429 Too Many Requests): You already have an active GPU job running. Each user is limited to 3 concurrent GPU jobs. Please wait for your current GPU job to complete before submitting another.,,no_msa
WT_9S18_HRO761,WT,9S18,HRO761,False,23eb895a-6703-4578-bdaa-e7c2415b00cd,completed,/workspace/chai1_fastas/WT_9S18_HRO761.fasta,HPC API job creation failed (429 Too Many Requests): You already have an active GPU job running. Each user is limited to 3 concurrent GPU jobs. Please wait for your current GPU job to complete before submitting another.,,no_msa
WT_9MJT_VVD-214,WT,9MJT,VVD-214,False,53e7facc-5553-44b3-ad2e-bda6bc9c71ca,completed,/workspace/chai1_fastas/WT_9MJT_VVD-214.fasta,HPC API job creation failed (429 Too Many Requests): You already have an active GPU job running. Each user is limited to 3 concurrent GPU jobs. Please wait for your current GPU job to complete before submitting another.,,no_msa
C727R_9S18_HRO761,C727R,9S18,HRO761,False,4740a8c8-e937-460a-a43a-c136cbbf568d,failed_msa_timeout,/workspace/chai1_fastas/C727R_9S18_HRO761.fasta,,688f6f4a-29e5-4b5c-bf0f-a3184412042e,with_msa
C727R_9MJT_VVD-214,C727R,9MJT,VVD-214,False,c0589c45-11ad-43b7-8245-6052e068ae02,completed,/workspace/chai1_fastas/C727R_9MJT_VVD-214.fasta,,6a5a8721-c827-49c2-b4fb-33043dfaa1dd,no_msa
C727R_9S18_HRO761,C727R,9S18,HRO761,False,20931f65-46e3-4dd6-81bd-2d842ad14e02,completed,/workspace/chai1_fastas/C727R_9S18_HRO761.fasta,,4740a8c8-e937-460a-a43a-c136cbbf568d,no_msa
C727S_9MJT_VVD-214,C727S,9MJT,VVD-214,False,c0424c99-2bae-4e81-aa27-0b7e936f7054,completed,/workspace/chai1_fastas/C727S_9MJT_VVD-214.fasta,,f144aa8f-de96-405a-bbce-107ae37e1d2c,no_msa
