docking_id,template,mutation,ligand,mode,receptor_id,is_wt,is_neg_control,best_score,elapsed_s,status
NEG_9S19_WT_HRO761,9S19,WT,HRO761,non-covalent,9S19_WT_prepared,True,True,-9.031,243.3,ok
NEG_9S19_WT_VVD-214,9S19,WT,VVD-214,non-covalent,9S19_WT_prepared,True,True,-8.165,87.7,ok
WT_7GQU_HRO761,7GQU,WT,HRO761,non-covalent,7GQU_WT_prepared,True,False,-9.952,233.5,ok
WT_7GQU_VVD-214,7GQU,WT,VVD-214,non-covalent,7GQU_WT_prepared,True,False,-9.425,76.2,ok
WT_9MJT_HRO761,9MJT,WT,HRO761,non-covalent,9MJT_WT_prepared,True,False,-8.669,262.0,ok
WT_9MJT_VVD-214,9MJT,WT,VVD-214,non-covalent,9MJT_WT_prepared,True,False,-8.945,102.6,ok
WT_9S18_HRO761,9S18,WT,HRO761,non-covalent,9S18_WT_prepared,True,False,-13.54,259.8,ok
WT_9S18_VVD-214,9S18,WT,VVD-214,non-covalent,9S18_WT_prepared,True,False,-8.204,90.3,ok
C727A_7GQU_HRO761,7GQU,C727A,HRO761,non-covalent,7GQU_C727A_nolig,False,False,-10.49,225.5,ok
C727R_7GQU_HRO761,7GQU,C727R,HRO761,non-covalent,7GQU_C727R_nolig,False,False,-10.69,230.5,ok
C727S_7GQU_HRO761,7GQU,C727S,HRO761,non-covalent,7GQU_C727S_nolig,False,False,-10.29,219.4,ok
F730L_7GQU_HRO761,7GQU,F730L,HRO761,non-covalent,7GQU_F730L,False,False,-9.985,223.9,ok
G729D_7GQU_HRO761,7GQU,G729D,HRO761,non-covalent,7GQU_G729D,False,False,-10.73,221.1,ok
I852F_7GQU_HRO761,7GQU,I852F,HRO761,non-covalent,7GQU_I852F,False,False,-9.96,220.9,ok
L528S_7GQU_HRO761,7GQU,L528S,HRO761,non-covalent,7GQU_L528S,False,False,-9.965,226.2,ok
C727A_7GQU_VVD-214,7GQU,C727A,VVD-214,non-covalent,7GQU_C727A_nolig,False,False,-9.919,76.3,ok
C727R_7GQU_VVD-214,7GQU,C727R,VVD-214,non-covalent,7GQU_C727R_nolig,False,False,-9.946,79.9,ok
C727S_7GQU_VVD-214,7GQU,C727S,VVD-214,non-covalent,7GQU_C727S_nolig,False,False,-9.489,79.5,ok
F730L_7GQU_VVD-214,7GQU,F730L,VVD-214,non-covalent,7GQU_F730L,False,False,-9.418,78.1,ok
G729D_7GQU_VVD-214,7GQU,G729D,VVD-214,non-covalent,7GQU_G729D,False,False,-9.651,75.9,ok
I852F_7GQU_VVD-214,7GQU,I852F,VVD-214,non-covalent,7GQU_I852F,False,False,-9.384,80.8,ok
L528S_7GQU_VVD-214,7GQU,L528S,VVD-214,non-covalent,7GQU_L528S,False,False,-9.401,76.9,ok
C727A_9MJT_HRO761,9MJT,C727A,HRO761,non-covalent,9MJT_C727A,False,False,-9.53,308.6,ok
C727R_9MJT_HRO761,9MJT,C727R,HRO761,non-covalent,9MJT_C727R,False,False,-8.634,334.7,ok
C727S_9MJT_HRO761,9MJT,C727S,HRO761,non-covalent,9MJT_C727S,False,False,-9.133,307.1,ok
F730L_9MJT_HRO761,9MJT,F730L,HRO761,non-covalent,9MJT_F730L,False,False,-8.585,314.4,ok
G729D_9MJT_HRO761,9MJT,G729D,HRO761,non-covalent,9MJT_G729D,False,False,-8.488,274.2,ok
I852F_9MJT_HRO761,9MJT,I852F,HRO761,non-covalent,9MJT_I852F,False,False,-8.682,317.6,ok
L528S_9MJT_HRO761,9MJT,L528S,HRO761,non-covalent,9MJT_L528S,False,False,-9.306,311.3,ok
C727A_9MJT_VVD-214,9MJT,C727A,VVD-214,non-covalent,9MJT_C727A,False,False,-8.227,90.4,ok
C727R_9MJT_VVD-214,9MJT,C727R,VVD-214,non-covalent,9MJT_C727R,False,False,-7.123,103.4,ok
C727S_9MJT_VVD-214,9MJT,C727S,VVD-214,non-covalent,9MJT_C727S,False,False,-7.716,93.2,ok
F730L_9MJT_VVD-214,9MJT,F730L,VVD-214,non-covalent,9MJT_F730L,False,False,-8.821,102.0,ok
G729D_9MJT_VVD-214,9MJT,G729D,VVD-214,non-covalent,9MJT_G729D,False,False,-8.175,104.3,ok
I852F_9MJT_VVD-214,9MJT,I852F,VVD-214,non-covalent,9MJT_I852F,False,False,-8.88,107.3,ok
L528S_9MJT_VVD-214,9MJT,L528S,VVD-214,non-covalent,9MJT_L528S,False,False,-7.98,98.6,ok
C727A_9S18_HRO761,9S18,C727A,HRO761,non-covalent,9S18_C727A,False,False,-13.37,213.3,ok
C727R_9S18_HRO761,9S18,C727R,HRO761,non-covalent,9S18_C727R,False,False,-7.327,346.8,ok
C727S_9S18_HRO761,9S18,C727S,HRO761,non-covalent,9S18_C727S,False,False,-13.5,220.9,ok
F730L_9S18_HRO761,9S18,F730L,HRO761,non-covalent,9S18_F730L,False,False,-13.43,209.4,ok
G729D_9S18_HRO761,9S18,G729D,HRO761,non-covalent,9S18_G729D,False,False,-13.5,244.1,ok
I852F_9S18_HRO761,9S18,I852F,HRO761,non-covalent,9S18_I852F,False,False,-13.84,214.0,ok
L528S_9S18_HRO761,9S18,L528S,HRO761,non-covalent,9S18_L528S,False,False,-13.51,209.3,ok
C727A_9S18_VVD-214,9S18,C727A,VVD-214,non-covalent,9S18_C727A,False,False,-8.921,83.3,ok
C727R_9S18_VVD-214,9S18,C727R,VVD-214,non-covalent,9S18_C727R,False,False,-7.689,106.1,ok
C727S_9S18_VVD-214,9S18,C727S,VVD-214,non-covalent,9S18_C727S,False,False,-8.728,80.8,ok
F730L_9S18_VVD-214,9S18,F730L,VVD-214,non-covalent,9S18_F730L,False,False,-8.284,86.5,ok
G729D_9S18_VVD-214,9S18,G729D,VVD-214,non-covalent,9S18_G729D,False,False,-8.242,83.0,ok
I852F_9S18_VVD-214,9S18,I852F,VVD-214,non-covalent,9S18_I852F,False,False,-8.283,87.8,ok
L528S_9S18_VVD-214,9S18,L528S,VVD-214,non-covalent,9S18_L528S,False,False,-8.243,94.0,ok
