docking_id,template,mutation,ligand,mode,receptor_id,is_wt,cov_status,best_score,elapsed_s,status
C727A_9MJT_VVD-214_cov,9MJT,C727A,VVD-214,covalent-adduct,9MJT_C727A,False,blocked_no_thiol,,0.0,covalent_blocked
C727A_9S18_VVD-214_cov,9S18,C727A,VVD-214,covalent-adduct,9S18_C727A,False,blocked_no_thiol,,0.0,covalent_blocked
C727A_7GQU_VVD-214_cov,7GQU,C727A,VVD-214,covalent-adduct,7GQU_C727A_nolig,False,blocked_no_thiol,,0.0,covalent_blocked
C727S_9MJT_VVD-214_cov,9MJT,C727S,VVD-214,covalent-adduct,9MJT_C727S,False,blocked_no_thiol,,0.0,covalent_blocked
C727S_9S18_VVD-214_cov,9S18,C727S,VVD-214,covalent-adduct,9S18_C727S,False,blocked_no_thiol,,0.0,covalent_blocked
C727S_7GQU_VVD-214_cov,7GQU,C727S,VVD-214,covalent-adduct,7GQU_C727S_nolig,False,blocked_no_thiol,,0.0,covalent_blocked
WT_9MJT_VVD-214_cov,9MJT,WT,VVD-214,covalent-adduct,9MJT_WT_prepared,True,capable,-7.903,144.5,ok
WT_9S18_VVD-214_cov,9S18,WT,VVD-214,covalent-adduct,9S18_WT_prepared,True,capable,-8.215,114.2,ok
WT_7GQU_VVD-214_cov,7GQU,WT,VVD-214,covalent-adduct,7GQU_WT_prepared,True,capable,-9.122,101.9,ok
L528S_9MJT_VVD-214_cov,9MJT,L528S,VVD-214,covalent-adduct,9MJT_L528S,False,capable,-7.95,144.0,ok
L528S_9S18_VVD-214_cov,9S18,L528S,VVD-214,covalent-adduct,9S18_L528S,False,capable,-8.197,114.3,ok
L528S_7GQU_VVD-214_cov,7GQU,L528S,VVD-214,covalent-adduct,7GQU_L528S,False,capable,-9.076,101.4,ok
C727R_9MJT_VVD-214_cov,9MJT,C727R,VVD-214,covalent-adduct,9MJT_C727R,False,capable,-6.546,149.5,ok
C727R_9S18_VVD-214_cov,9S18,C727R,VVD-214,covalent-adduct,9S18_C727R,False,capable,-7.551,138.3,ok
C727R_7GQU_VVD-214_cov,7GQU,C727R,VVD-214,covalent-adduct,7GQU_C727R_nolig,False,capable,-9.404,101.0,ok
G729D_9MJT_VVD-214_cov,9MJT,G729D,VVD-214,covalent-adduct,9MJT_G729D,False,capable,-8.025,147.7,ok
G729D_9S18_VVD-214_cov,9S18,G729D,VVD-214,covalent-adduct,9S18_G729D,False,capable,-8.257,119.2,ok
G729D_7GQU_VVD-214_cov,7GQU,G729D,VVD-214,covalent-adduct,7GQU_G729D,False,capable,-9.264,99.6,ok
F730L_9MJT_VVD-214_cov,9MJT,F730L,VVD-214,covalent-adduct,9MJT_F730L,False,capable,-7.788,137.5,ok
F730L_9S18_VVD-214_cov,9S18,F730L,VVD-214,covalent-adduct,9S18_F730L,False,capable,-8.106,127.9,ok
F730L_7GQU_VVD-214_cov,7GQU,F730L,VVD-214,covalent-adduct,7GQU_F730L,False,capable,-9.076,100.6,ok
I852F_9MJT_VVD-214_cov,9MJT,I852F,VVD-214,covalent-adduct,9MJT_I852F,False,capable,-7.859,133.3,ok
I852F_9S18_VVD-214_cov,9S18,I852F,VVD-214,covalent-adduct,9S18_I852F,False,capable,-8.204,121.2,ok
I852F_7GQU_VVD-214_cov,7GQU,I852F,VVD-214,covalent-adduct,7GQU_I852F,False,capable,-9.087,103.1,ok
