docking_id,template,mutation,ligand,mode,receptor_id,is_wt,is_neg_control,best_score,elapsed_s,status,cov_status,centroid_x,centroid_y,centroid_z,anchor_dist,n_contacts,contact_residues,delta_score,pose_rmsd_vs_wt,n_contact_loss,n_contact_gain,contact_loss_list,criteria_rmsd,criteria_score,criteria_contact,n_criteria_met,verdict
NEG_9S19_WT_HRO761,9S19,WT,HRO761,non-covalent,9S19_WT_prepared,True,True,-9.031,243.3,ok,,1.4,59.83,38.5,3.94,14.0,ARGC343|ASNC315|ASPC90|GLNC68|GLNC91|GLNC94|GLUC155|HISC293|HISC32|LEUC87|LYSC36|LYSC63|METC312|SERC64,,,,,,,,,,neg-control
NEG_9S19_WT_VVD-214,9S19,WT,VVD-214,non-covalent,9S19_WT_prepared,True,True,-8.165,87.7,ok,,2.04,57.48,39.04,5.34,17.0,ALAC58|ARGC343|ASNC315|ASPC90|GLNC68|GLNC91|GLNC94|GLYC313|GLYC60|GLYC62|ILEC314|LEUC87|LYSC63|METC312|SERC64|THRC59|TYRC61,,,,,,,,,,neg-control
WT_7GQU_HRO761,7GQU,WT,HRO761,non-covalent,7GQU_WT_prepared,True,False,-9.952,233.5,ok,,21.12,18.53,13.41,4.14,20.0,ALA706|ARG711|ASP919|CYS727|GLU846|GLU918|HIS916|ILE913|LEU890|LYS555|LYS887|LYS894|LYS898|LYS920|MET845|MET895|PHE917|SER708|TYR849|TYR891,,,,,,,,,,reference-wt
WT_7GQU_VVD-214,7GQU,WT,VVD-214,non-covalent,7GQU_WT_prepared,True,False,-9.425,76.2,ok,,18.63,20.75,15.96,0.8,19.0,ALA572|ALA704|ALA706|ASP919|CYS727|GLU846|GLU918|HIS916|ILE913|LYS898|LYS920|MET571|MET845|MET895|PHE917|THR705|THR728|TYR849|VAL570,,,,,,,,,,reference-wt
WT_9MJT_HRO761,9MJT,WT,HRO761,non-covalent,9MJT_WT_prepared,True,False,-8.669,262.0,ok,,-6.16,10.06,5.52,8.0,20.0,ALA704|ALA706|ALA831|ARG732|ARG854|ARG857|ASN829|ASP731|ASP858|CYS727|GLY729|HIS671|ILE828|LYS830|MET826|PHE730|SER707|SER708|THR705|THR728,,,,,,,,,,reference-wt
WT_9MJT_VVD-214,9MJT,WT,VVD-214,non-covalent,9MJT_WT_prepared,True,False,-8.945,102.6,ok,,-3.96,1.76,2.81,4.54,23.0,ALA706|ARG711|ARG732|ARG854|ARG857|ASN829|CYS727|GLN850|GLU846|GLY729|GLY825|GLY827|GLY853|ILE725|ILE828|MET826|PHE730|SER707|SER708|THR726|TYR849|VAL552|VAL570,,,,,,,,,,reference-wt
WT_9S18_HRO761,9S18,WT,HRO761,non-covalent,9S18_WT_prepared,True,False,-13.54,259.8,ok,,27.61,0.31,17.91,0.41,24.0,ALA706|ARG565|ARG732|ARG854|ARG857|ARG910|ASP731|CYS727|GLN724|GLN850|GLU918|GLY827|GLY853|ILE725|ILE852|ILE913|LEU735|LEU737|LEU914|MET826|PHE730|PRO723|TYR849|VAL922,,,,,,,,,,reference-wt
WT_9S18_VVD-214,9S18,WT,VVD-214,non-covalent,9S18_WT_prepared,True,False,-8.204,90.3,ok,,26.65,3.1,17.52,2.62,17.0,ALA706|ARG711|ARG732|ARG854|ARG857|ASN829|CYS727|GLN850|GLU918|GLY825|GLY827|GLY853|ILE725|ILE828|MET826|THR726|TYR849,,,,,,,,,,reference-wt
C727A_7GQU_HRO761,7GQU,C727A,HRO761,non-covalent,7GQU_C727A_nolig,False,False,-10.49,225.5,ok,,20.91,18.56,13.43,3.99,20.0,ALA706|ALA727|ARG711|ASP919|GLU846|GLU918|HIS916|ILE913|LEU890|LYS555|LYS887|LYS894|LYS898|LYS920|MET845|MET895|PHE917|SER708|TYR849|TYR891,-0.54,0.32,1.0,1.0,CYS727,False,False,False,0.0,neutral
C727R_7GQU_HRO761,7GQU,C727R,HRO761,non-covalent,7GQU_C727R_nolig,False,False,-10.69,230.5,ok,,21.25,18.65,13.12,4.29,18.0,ALA706|ARG711|ARG727|ASP919|GLU846|HIS916|LEU890|LYS555|LYS887|LYS894|LYS898|LYS920|MET845|MET895|PHE917|SER708|TYR849|TYR891,-0.74,0.61,3.0,1.0,CYS727|GLU918|ILE913,False,False,True,1.0,resistance
C727S_7GQU_HRO761,7GQU,C727S,HRO761,non-covalent,7GQU_C727S_nolig,False,False,-10.29,219.4,ok,,21.21,18.52,13.31,4.25,19.0,ALA706|ASP919|GLU846|GLU918|HIS916|ILE913|LEU890|LYS555|LYS887|LYS894|LYS898|LYS920|MET845|MET895|PHE917|SER708|SER727|TYR849|TYR891,-0.34,0.45,2.0,1.0,ARG711|CYS727,False,False,False,0.0,neutral
F730L_7GQU_HRO761,7GQU,F730L,HRO761,non-covalent,7GQU_F730L,False,False,-9.985,223.9,ok,,21.12,18.58,13.44,4.1,20.0,ALA706|ARG711|ASP919|CYS727|GLU846|GLU918|HIS916|ILE913|LEU890|LYS555|LYS887|LYS894|LYS898|LYS920|MET845|MET895|PHE917|SER708|TYR849|TYR891,-0.03,0.11,0.0,0.0,,False,False,False,0.0,neutral
G729D_7GQU_HRO761,7GQU,G729D,HRO761,non-covalent,7GQU_G729D,False,False,-10.73,221.1,ok,,21.88,22.71,14.97,3.47,26.0,ALA572|ALA704|ALA706|ARG711|ASP919|CYS727|GLN850|GLN921|GLN923|GLU846|GLU918|HIS916|ILE725|LYS555|LYS894|LYS898|LYS920|PHE917|PRO551|SER708|THR705|THR726|THR728|TYR849|VAL552|VAL570,-0.78,12.49,6.0,12.0,ILE913|LEU890|LYS887|MET845|MET895|TYR891,True,False,True,2.0,resistance
I852F_7GQU_HRO761,7GQU,I852F,HRO761,non-covalent,7GQU_I852F,False,False,-9.96,220.9,ok,,21.1,18.56,13.44,4.09,20.0,ALA706|ARG711|ASP919|CYS727|GLU846|GLU918|HIS916|ILE913|LEU890|LYS555|LYS887|LYS894|LYS898|LYS920|MET845|MET895|PHE917|SER708|TYR849|TYR891,-0.01,0.1,0.0,0.0,,False,False,False,0.0,neutral
L528S_7GQU_HRO761,7GQU,L528S,HRO761,non-covalent,7GQU_L528S,False,False,-9.965,226.2,ok,,21.09,18.53,13.39,4.14,19.0,ALA706|ARG711|ASP919|CYS727|GLU846|GLU918|HIS916|LEU890|LYS555|LYS887|LYS894|LYS898|LYS920|MET845|MET895|PHE917|SER708|TYR849|TYR891,-0.01,0.04,1.0,0.0,ILE913,False,False,False,0.0,neutral
C727A_7GQU_VVD-214,7GQU,C727A,VVD-214,non-covalent,7GQU_C727A_nolig,False,False,-9.919,76.3,ok,,18.43,21.05,15.77,0.55,19.0,ALA572|ALA704|ALA706|ALA727|ARG711|ASP919|GLU846|GLU918|HIS916|LYS898|LYS920|MET571|MET845|MET895|PHE917|THR705|THR728|TYR849|VAL570,-0.49,0.85,2.0,2.0,CYS727|ILE913,False,False,False,0.0,neutral
C727R_7GQU_VVD-214,7GQU,C727R,VVD-214,non-covalent,7GQU_C727R_nolig,False,False,-9.946,79.9,ok,,18.49,21.07,15.5,0.35,21.0,ALA572|ALA704|ALA706|ARG711|ARG727|ASP919|GLU846|GLU918|HIS916|ILE725|ILE913|LYS898|LYS920|MET571|MET845|MET895|PHE917|THR705|THR728|TYR849|VAL570,-0.52,1.13,1.0,3.0,CYS727,False,False,False,0.0,neutral
C727S_7GQU_VVD-214,7GQU,C727S,VVD-214,non-covalent,7GQU_C727S_nolig,False,False,-9.489,79.5,ok,,18.55,20.79,15.91,0.75,20.0,ALA572|ALA704|ALA706|ARG711|ASP919|GLU846|GLU918|HIS916|ILE913|LYS898|LYS920|MET571|MET845|MET895|PHE917|SER727|THR705|THR728|TYR849|VAL570,-0.06,0.23,1.0,2.0,CYS727,False,False,False,0.0,neutral
F730L_7GQU_VVD-214,7GQU,F730L,VVD-214,non-covalent,7GQU_F730L,False,False,-9.418,78.1,ok,,18.51,20.58,15.79,0.85,19.0,ALA572|ALA704|ALA706|ARG711|ASP919|CYS727|GLU846|GLU918|HIS916|ILE913|LYS898|LYS920|MET571|MET845|PHE917|THR705|THR728|TYR849|VAL570,0.01,0.73,1.0,1.0,MET895,False,False,False,0.0,neutral
G729D_7GQU_VVD-214,7GQU,G729D,VVD-214,non-covalent,7GQU_G729D,False,False,-9.651,75.9,ok,,18.58,20.58,15.85,0.86,20.0,ALA572|ALA704|ALA706|ARG711|ASP729|ASP919|CYS727|GLU846|GLU918|HIS916|ILE913|LYS898|LYS920|MET571|MET845|PHE917|THR705|THR728|TYR849|VAL570,-0.23,0.66,1.0,2.0,MET895,False,False,False,0.0,neutral
I852F_7GQU_VVD-214,7GQU,I852F,VVD-214,non-covalent,7GQU_I852F,False,False,-9.384,80.8,ok,,18.57,20.59,15.83,0.85,19.0,ALA572|ALA704|ALA706|ARG711|ASP919|CYS727|GLU846|GLU918|HIS916|ILE913|LYS898|LYS920|MET571|MET845|PHE917|THR705|THR728|TYR849|VAL570,0.04,0.72,1.0,1.0,MET895,False,False,False,0.0,neutral
L528S_7GQU_VVD-214,7GQU,L528S,VVD-214,non-covalent,7GQU_L528S,False,False,-9.401,76.9,ok,,18.6,20.61,15.78,0.8,20.0,ALA572|ALA704|ALA706|ARG711|ASP919|CYS727|GLU846|GLU918|HIS916|ILE913|LYS898|LYS920|MET571|MET845|MET895|PHE917|THR705|THR728|TYR849|VAL570,0.02,0.58,0.0,1.0,,False,False,False,0.0,neutral
C727A_9MJT_HRO761,9MJT,C727A,HRO761,non-covalent,9MJT_C727A,False,False,-9.53,308.6,ok,,-6.54,2.91,5.43,1.32,21.0,ALA704|ALA706|ALA727|ARG711|ARG732|ARG857|ASP731|GLN850|GLU846|GLY729|GLY853|ILE725|LYS555|MET826|PHE730|SER708|THR726|THR728|TYR849|VAL552|VAL570,-0.86,11.78,10.0,11.0,ALA831|ARG854|ASN829|ASP858|CYS727|HIS671|ILE828|LYS830|SER707|THR705,True,False,True,2.0,resistance
C727R_9MJT_HRO761,9MJT,C727R,HRO761,non-covalent,9MJT_C727R,False,False,-8.634,334.7,ok,,-6.18,10.1,5.52,8.04,19.0,ALA704|ALA706|ALA831|ARG727|ARG732|ARG857|ASN829|ASP731|ASP858|GLY729|HIS671|ILE828|LYS830|MET826|PHE730|SER707|SER708|THR705|THR728,0.04,0.14,2.0,1.0,ARG854|CYS727,False,False,False,0.0,neutral
C727S_9MJT_HRO761,9MJT,C727S,HRO761,non-covalent,9MJT_C727S,False,False,-9.133,307.1,ok,,-6.48,2.88,5.28,1.43,21.0,ALA704|ALA706|ARG711|ARG732|ARG857|ASP731|GLN850|GLU846|GLY729|GLY853|ILE725|LYS555|MET826|PHE730|SER708|SER727|THR726|THR728|TYR849|VAL552|VAL570,-0.46,11.79,10.0,11.0,ALA831|ARG854|ASN829|ASP858|CYS727|HIS671|ILE828|LYS830|SER707|THR705,True,False,True,2.0,resistance
F730L_9MJT_HRO761,9MJT,F730L,HRO761,non-covalent,9MJT_F730L,False,False,-8.585,314.4,ok,,-6.19,10.05,5.53,7.99,19.0,ALA704|ALA706|ALA831|ARG732|ARG857|ASN829|ASP731|ASP858|CYS727|GLY729|HIS671|ILE828|LEU730|LYS830|MET826|SER707|SER708|THR705|THR728,0.08,0.13,2.0,1.0,ARG854|PHE730,False,False,False,0.0,neutral
G729D_9MJT_HRO761,9MJT,G729D,HRO761,non-covalent,9MJT_G729D,False,False,-8.488,274.2,ok,,-6.36,10.15,6.06,8.03,19.0,ALA572|ALA704|ALA706|ALA831|ARG854|ARG857|ASN829|ASP729|ASP731|ASP858|HIS671|ILE828|LYS830|MET826|PHE730|SER707|SER708|THR705|THR728,0.18,1.2,3.0,2.0,ARG732|CYS727|GLY729,False,False,True,1.0,resistance
I852F_9MJT_HRO761,9MJT,I852F,HRO761,non-covalent,9MJT_I852F,False,False,-8.682,317.6,ok,,-6.19,10.02,5.52,7.96,20.0,ALA704|ALA706|ALA831|ARG732|ARG854|ARG857|ASN829|ASP731|ASP858|CYS727|GLY729|HIS671|ILE828|LYS830|MET826|PHE730|SER707|SER708|THR705|THR728,-0.01,0.16,0.0,0.0,,False,False,False,0.0,neutral
L528S_9MJT_HRO761,9MJT,L528S,HRO761,non-covalent,9MJT_L528S,False,False,-9.306,311.3,ok,,-6.08,8.45,5.39,6.44,20.0,ALA704|ALA706|ALA831|ARG732|ARG857|ASN829|ASP731|CYS727|GLY729|GLY853|ILE828|LYS830|MET826|PHE730|SER707|SER708|THR705|THR728|TYR849|VAL570,-0.64,2.89,3.0,3.0,ARG854|ASP858|HIS671,False,False,True,1.0,resistance
C727A_9MJT_VVD-214,9MJT,C727A,VVD-214,non-covalent,9MJT_C727A,False,False,-8.227,90.4,ok,,-5.59,2.22,4.4,2.32,17.0,ALA706|ALA727|ARG711|ARG732|ARG857|ASP731|GLN850|GLY729|GLY853|ILE725|MET826|PHE730|SER707|THR726|THR728|TYR849|VAL570,0.72,7.56,9.0,3.0,ARG854|ASN829|CYS727|GLU846|GLY825|GLY827|ILE828|SER708|VAL552,True,False,True,2.0,resistance
C727R_9MJT_VVD-214,9MJT,C727R,VVD-214,non-covalent,9MJT_C727R,False,False,-7.123,103.4,ok,,-2.98,9.76,1.56,9.78,13.0,ALA706|ALA831|ARG732|ARG854|ARG857|ASN829|GLY827|GLY856|ILE828|LYS830|MET826|SER707|SER708,1.82,10.51,13.0,3.0,ARG711|CYS727|GLN850|GLU846|GLY729|GLY825|GLY853|ILE725|PHE730|THR726|TYR849|VAL552|VAL570,True,True,True,3.0,resistance
C727S_9MJT_VVD-214,9MJT,C727S,VVD-214,non-covalent,9MJT_C727S,False,False,-7.716,93.2,ok,,-7.98,6.67,5.11,4.95,18.0,ALA572|ALA704|ALA706|ARG732|ARG857|ASN734|ASP731|GLY729|GLY853|GLY856|GLY859|MET571|PHE730|SER707|SER727|THR728|TYR849|VAL570,1.23,8.11,14.0,9.0,ARG711|ARG854|ASN829|CYS727|GLN850|GLU846|GLY825|GLY827|ILE725|ILE828|MET826|SER708|THR726|VAL552,True,False,True,2.0,resistance
F730L_9MJT_VVD-214,9MJT,F730L,VVD-214,non-covalent,9MJT_F730L,False,False,-8.821,102.0,ok,,-3.96,1.76,2.83,4.52,24.0,ALA706|ARG711|ARG732|ARG854|ARG857|ASN829|CYS727|GLN850|GLU846|GLY729|GLY825|GLY827|GLY853|ILE725|ILE828|LEU730|MET826|SER707|SER708|THR726|THR728|TYR849|VAL552|VAL570,0.12,0.05,1.0,2.0,PHE730,False,False,False,0.0,neutral
G729D_9MJT_VVD-214,9MJT,G729D,VVD-214,non-covalent,9MJT_G729D,False,False,-8.175,104.3,ok,,-5.89,1.19,4.04,2.71,16.0,ALA706|ARG732|ARG857|ASP729|ASP731|CYS727|GLN850|GLY853|ILE725|LYS555|MET826|PHE730|THR726|TYR849|VAL552|VAL570,0.77,6.36,10.0,3.0,ARG711|ARG854|ASN829|GLU846|GLY729|GLY825|GLY827|ILE828|SER707|SER708,True,False,True,2.0,resistance
I852F_9MJT_VVD-214,9MJT,I852F,VVD-214,non-covalent,9MJT_I852F,False,False,-8.88,107.3,ok,,-3.95,1.72,2.86,4.5,23.0,ALA706|ARG711|ARG732|ARG854|ARG857|ASN829|CYS727|GLN850|GLU846|GLY729|GLY825|GLY827|GLY853|ILE725|ILE828|MET826|PHE730|SER707|SER708|THR726|TYR849|VAL552|VAL570,0.06,0.1,0.0,0.0,,False,False,False,0.0,neutral
L528S_9MJT_VVD-214,9MJT,L528S,VVD-214,non-covalent,9MJT_L528S,False,False,-7.98,98.6,ok,,-5.89,1.19,4.05,2.71,16.0,ALA706|ARG732|ARG857|ASP731|CYS727|GLN850|GLY729|GLY853|ILE725|LYS555|MET826|PHE730|THR726|TYR849|VAL552|VAL570,0.96,6.36,9.0,2.0,ARG711|ARG854|ASN829|GLU846|GLY825|GLY827|ILE828|SER707|SER708,True,False,True,2.0,resistance
C727A_9S18_HRO761,9S18,C727A,HRO761,non-covalent,9S18_C727A,False,False,-13.37,213.3,ok,,27.8,0.28,17.98,0.48,24.0,ALA706|ALA727|ARG565|ARG732|ARG854|ARG857|ARG910|GLN724|GLN850|GLU918|GLY825|GLY827|GLY853|ILE725|ILE852|ILE913|LEU735|LEU737|LEU914|MET826|PHE730|PRO723|THR728|TYR849,0.17,1.41,3.0,3.0,ASP731|CYS727|VAL922,False,False,True,1.0,resistance
C727R_9S18_HRO761,9S18,C727R,HRO761,non-covalent,9S18_C727R,False,False,-7.327,346.8,ok,,23.52,4.66,13.01,7.45,20.0,ALA706|ARG565|ARG711|ARG727|ARG854|ARG857|ASN829|ASP844|GLN724|GLN850|GLU846|GLY827|GLY853|ILE725|LYS555|MET826|PRO723|SER847|TYR891|VAL570,6.21,11.12,13.0,9.0,ARG732|ARG910|ASP731|CYS727|GLU918|ILE852|ILE913|LEU735|LEU737|LEU914|PHE730|TYR849|VAL922,True,True,True,3.0,resistance
C727S_9S18_HRO761,9S18,C727S,HRO761,non-covalent,9S18_C727S,False,False,-13.5,220.9,ok,,27.82,0.29,18.02,0.5,24.0,ALA706|ARG565|ARG732|ARG854|ARG857|ARG910|GLN724|GLN850|GLU918|GLY825|GLY827|GLY853|ILE725|ILE852|ILE913|LEU735|LEU737|LEU914|MET826|PHE730|PRO723|SER727|THR728|TYR849,0.04,1.42,3.0,3.0,ASP731|CYS727|VAL922,False,False,True,1.0,resistance
F730L_9S18_HRO761,9S18,F730L,HRO761,non-covalent,9S18_F730L,False,False,-13.43,209.4,ok,,27.59,0.33,17.87,0.38,24.0,ALA706|ARG565|ARG732|ARG854|ARG857|ARG910|ASP731|CYS727|GLN724|GLN850|GLU918|GLY827|GLY853|ILE725|ILE852|ILE913|LEU730|LEU735|LEU737|LEU914|MET826|PRO723|TYR849|VAL922,0.11,0.07,1.0,1.0,PHE730,False,False,False,0.0,neutral
G729D_9S18_HRO761,9S18,G729D,HRO761,non-covalent,9S18_G729D,False,False,-13.5,244.1,ok,,27.58,0.32,17.87,0.39,24.0,ALA706|ARG565|ARG732|ARG854|ARG857|ARG910|ASP731|CYS727|GLN724|GLN850|GLU918|GLY827|GLY853|ILE725|ILE852|ILE913|LEU735|LEU737|LEU914|MET826|PHE730|PRO723|TYR849|VAL922,0.04,0.06,0.0,0.0,,False,False,False,0.0,neutral
I852F_9S18_HRO761,9S18,I852F,HRO761,non-covalent,9S18_I852F,False,False,-13.84,214.0,ok,,27.59,0.31,17.87,0.4,24.0,ALA706|ARG565|ARG732|ARG854|ARG857|ARG910|ASP731|CYS727|GLN724|GLN850|GLU918|GLY827|GLY853|ILE725|ILE913|LEU735|LEU737|LEU914|MET826|PHE730|PHE852|PRO723|TYR849|VAL922,-0.3,0.07,1.0,1.0,ILE852,False,False,False,0.0,neutral
L528S_9S18_HRO761,9S18,L528S,HRO761,non-covalent,9S18_L528S,False,False,-13.51,209.3,ok,,27.59,0.33,17.88,0.39,24.0,ALA706|ARG565|ARG732|ARG854|ARG857|ARG910|ASP731|CYS727|GLN724|GLN850|GLU918|GLY827|GLY853|ILE725|ILE852|ILE913|LEU735|LEU737|LEU914|MET826|PHE730|PRO723|TYR849|VAL922,0.03,0.05,0.0,0.0,,False,False,False,0.0,neutral
C727A_9S18_VVD-214,9S18,C727A,VVD-214,non-covalent,9S18_C727A,False,False,-8.921,83.3,ok,,28.98,-0.65,16.89,2.1,17.0,ALA706|ALA727|ARG732|ARG857|GLN850|GLU918|GLY853|ILE725|ILE913|LEU735|LEU914|LYS555|PHE730|THR726|THR728|TYR849|VAL552,-0.72,5.82,8.0,8.0,ARG711|ARG854|ASN829|CYS727|GLY825|GLY827|ILE828|MET826,True,False,True,2.0,resistance
C727R_9S18_VVD-214,9S18,C727R,VVD-214,non-covalent,9S18_C727R,False,False,-7.689,106.1,ok,,24.23,4.07,15.01,5.55,17.0,ARG565|ARG711|ARG727|ARG854|ARG857|ASN829|GLN724|GLN850|GLY825|GLY827|GLY853|ILE725|ILE828|LYS555|MET826|PRO723|TYR849,0.52,5.89,5.0,5.0,ALA706|ARG732|CYS727|GLU918|THR726,True,False,True,2.0,resistance
C727S_9S18_VVD-214,9S18,C727S,VVD-214,non-covalent,9S18_C727S,False,False,-8.728,80.8,ok,,28.96,-0.72,16.91,2.12,17.0,ALA706|ARG732|ARG857|GLN850|GLU918|GLY853|ILE725|ILE913|LEU735|LEU914|LYS555|PHE730|SER727|THR726|THR728|TYR849|VAL552,-0.52,5.84,8.0,8.0,ARG711|ARG854|ASN829|CYS727|GLY825|GLY827|ILE828|MET826,True,False,True,2.0,resistance
F730L_9S18_VVD-214,9S18,F730L,VVD-214,non-covalent,9S18_F730L,False,False,-8.284,86.5,ok,,26.65,3.03,17.53,2.55,16.0,ALA706|ARG711|ARG732|ARG857|ASN829|CYS727|GLN850|GLU918|GLY825|GLY827|GLY853|ILE725|ILE828|MET826|THR726|TYR849,-0.08,0.27,1.0,0.0,ARG854,False,False,False,0.0,neutral
G729D_9S18_VVD-214,9S18,G729D,VVD-214,non-covalent,9S18_G729D,False,False,-8.242,83.0,ok,,26.68,3.11,17.55,2.61,16.0,ALA706|ARG711|ARG732|ARG857|ASN829|CYS727|GLN850|GLU918|GLY825|GLY827|GLY853|ILE725|ILE828|MET826|THR726|TYR849,-0.04,0.14,1.0,0.0,ARG854,False,False,False,0.0,neutral
I852F_9S18_VVD-214,9S18,I852F,VVD-214,non-covalent,9S18_I852F,False,False,-8.283,87.8,ok,,26.63,3.07,17.48,2.6,16.0,ALA706|ARG711|ARG732|ARG857|ASN829|CYS727|GLN850|GLU918|GLY825|GLY827|GLY853|ILE725|ILE828|MET826|THR726|TYR849,-0.08,0.19,1.0,0.0,ARG854,False,False,False,0.0,neutral
L528S_9S18_VVD-214,9S18,L528S,VVD-214,non-covalent,9S18_L528S,False,False,-8.243,94.0,ok,,26.61,3.02,17.49,2.56,16.0,ALA706|ARG711|ARG732|ARG857|ASN829|CYS727|GLN850|GLU918|GLY825|GLY827|GLY853|ILE725|ILE828|MET826|THR726|TYR849,-0.04,0.21,1.0,0.0,ARG854,False,False,False,0.0,neutral
C727A_9MJT_VVD-214_cov,9MJT,C727A,VVD-214,covalent-adduct,9MJT_C727A,False,False,,0.0,covalent_blocked,blocked_no_thiol,,,,,,,,,,,,False,False,False,0.0,resistance-covalent-blocked
C727A_9S18_VVD-214_cov,9S18,C727A,VVD-214,covalent-adduct,9S18_C727A,False,False,,0.0,covalent_blocked,blocked_no_thiol,,,,,,,,,,,,False,False,False,0.0,resistance-covalent-blocked
C727A_7GQU_VVD-214_cov,7GQU,C727A,VVD-214,covalent-adduct,7GQU_C727A_nolig,False,False,,0.0,covalent_blocked,blocked_no_thiol,,,,,,,,,,,,False,False,False,0.0,resistance-covalent-blocked
C727S_9MJT_VVD-214_cov,9MJT,C727S,VVD-214,covalent-adduct,9MJT_C727S,False,False,,0.0,covalent_blocked,blocked_no_thiol,,,,,,,,,,,,False,False,False,0.0,resistance-covalent-blocked
C727S_9S18_VVD-214_cov,9S18,C727S,VVD-214,covalent-adduct,9S18_C727S,False,False,,0.0,covalent_blocked,blocked_no_thiol,,,,,,,,,,,,False,False,False,0.0,resistance-covalent-blocked
C727S_7GQU_VVD-214_cov,7GQU,C727S,VVD-214,covalent-adduct,7GQU_C727S_nolig,False,False,,0.0,covalent_blocked,blocked_no_thiol,,,,,,,,,,,,False,False,False,0.0,resistance-covalent-blocked
WT_9MJT_VVD-214_cov,9MJT,WT,VVD-214,covalent-adduct,9MJT_WT_prepared,True,False,-7.903,144.5,ok,capable,-4.36,1.44,3.11,4.11,22.0,ALA706|ARG711|ARG732|ARG854|ARG857|ASN829|CYS727|GLN850|GLU846|GLY729|GLY825|GLY853|ILE725|ILE828|MET826|PHE730|SER707|SER708|THR726|TYR849|VAL552|VAL570,,,,,,,,,,reference-wt
WT_9S18_VVD-214_cov,9S18,WT,VVD-214,covalent-adduct,9S18_WT_prepared,True,False,-8.215,114.2,ok,capable,27.97,2.18,18.66,1.75,20.0,ALA706|ARG732|ARG854|ARG857|ASP858|CYS727|GLN850|GLU918|GLY729|GLY825|GLY827|GLY853|GLY856|GLY859|ILE725|MET826|PHE730|THR726|THR728|TYR849,,,,,,,,,,reference-wt
WT_7GQU_VVD-214_cov,7GQU,WT,VVD-214,covalent-adduct,7GQU_WT_prepared,True,False,-9.122,101.9,ok,capable,18.88,20.53,15.75,0.86,20.0,ALA572|ALA704|ALA706|ARG711|ASP919|CYS727|GLU846|GLU918|HIS916|ILE913|LYS898|LYS920|MET571|MET845|MET895|PHE917|THR705|THR728|TYR849|VAL570,,,,,,,,,,reference-wt
L528S_9MJT_VVD-214_cov,9MJT,L528S,VVD-214,covalent-adduct,9MJT_L528S,False,False,-7.95,144.0,ok,capable,-4.36,1.49,3.07,4.13,22.0,ALA706|ARG711|ARG732|ARG854|ARG857|ASN829|CYS727|GLN850|GLU846|GLY729|GLY825|GLY853|ILE725|ILE828|MET826|PHE730|SER707|SER708|THR726|TYR849|VAL552|VAL570,-0.05,0.12,0.0,0.0,,False,False,False,0.0,neutral
L528S_9S18_VVD-214_cov,9S18,L528S,VVD-214,covalent-adduct,9S18_L528S,False,False,-8.197,114.3,ok,capable,28.0,2.16,18.67,1.74,19.0,ALA706|ARG732|ARG854|ARG857|CYS727|GLN850|GLU918|GLY729|GLY825|GLY827|GLY853|GLY856|GLY859|ILE725|MET826|PHE730|THR726|THR728|TYR849,0.02,0.07,1.0,0.0,ASP858,False,False,False,0.0,neutral
L528S_7GQU_VVD-214_cov,7GQU,L528S,VVD-214,covalent-adduct,7GQU_L528S,False,False,-9.076,101.4,ok,capable,18.86,20.54,15.77,0.85,20.0,ALA572|ALA704|ALA706|ARG711|ASP919|CYS727|GLU846|GLU918|HIS916|ILE913|LYS898|LYS920|MET571|MET845|MET895|PHE917|THR705|THR728|TYR849|VAL570,0.05,0.07,0.0,0.0,,False,False,False,0.0,neutral
C727R_9MJT_VVD-214_cov,9MJT,C727R,VVD-214,covalent-adduct,9MJT_C727R,False,False,-6.546,149.5,ok,capable,-10.67,6.87,8.35,6.52,13.0,ALA572|ALA704|ALA706|ALA925|ARG727|ARG732|ARG857|ASP731|GLY729|GLY856|THR728|VAL570|VAL922,1.36,10.78,17.0,8.0,ARG711|ARG854|ASN829|CYS727|GLN850|GLU846|GLY825|GLY853|ILE725|ILE828|MET826|PHE730|SER707|SER708|THR726|TYR849|VAL552,True,False,True,2.0,resistance
C727R_9S18_VVD-214_cov,9S18,C727R,VVD-214,covalent-adduct,9S18_C727R,False,False,-7.551,138.3,ok,capable,24.62,3.49,13.75,5.77,14.0,ARG565|ARG711|ARG727|ARG854|ARG857|GLN724|GLN850|GLU846|GLY853|ILE725|LYS555|MET826|THR726|TYR849,0.66,6.78,12.0,6.0,ALA706|ARG732|ASP858|CYS727|GLU918|GLY729|GLY825|GLY827|GLY856|GLY859|PHE730|THR728,True,False,True,2.0,resistance
C727R_7GQU_VVD-214_cov,7GQU,C727R,VVD-214,covalent-adduct,7GQU_C727R_nolig,False,False,-9.404,101.0,ok,capable,19.02,20.73,15.41,0.63,21.0,ALA572|ALA704|ALA706|ARG711|ARG727|ASP919|GLU846|GLU918|HIS916|ILE725|ILE913|LYS898|LYS920|MET571|MET845|MET895|PHE917|THR705|THR728|TYR849|VAL570,-0.28,1.86,1.0,2.0,CYS727,False,False,False,0.0,neutral
G729D_9MJT_VVD-214_cov,9MJT,G729D,VVD-214,covalent-adduct,9MJT_G729D,False,False,-8.025,147.7,ok,capable,-4.39,1.54,3.16,4.03,20.0,ALA706|ARG711|ARG732|ARG857|ASN829|ASP729|CYS727|GLN850|GLU846|GLY853|ILE725|ILE828|MET826|PHE730|SER707|SER708|THR726|TYR849|VAL552|VAL570,-0.12,0.32,3.0,1.0,ARG854|GLY729|GLY825,False,False,True,1.0,resistance
G729D_9S18_VVD-214_cov,9S18,G729D,VVD-214,covalent-adduct,9S18_G729D,False,False,-8.257,119.2,ok,capable,27.99,2.16,18.64,1.72,19.0,ALA706|ARG732|ARG854|ARG857|ASP729|CYS727|GLN850|GLU918|GLY825|GLY827|GLY853|GLY856|GLY859|ILE725|MET826|PHE730|THR726|THR728|TYR849,-0.04,0.07,2.0,1.0,ASP858|GLY729,False,False,False,0.0,neutral
G729D_7GQU_VVD-214_cov,7GQU,G729D,VVD-214,covalent-adduct,7GQU_G729D,False,False,-9.264,99.6,ok,capable,18.87,19.74,15.82,1.62,21.0,ALA572|ALA704|ALA706|ASP729|ASP919|CYS727|GLU846|GLU918|HIS916|ILE913|LYS894|LYS898|LYS920|MET571|MET845|MET895|PHE917|THR705|THR728|TYR849|VAL570,-0.14,3.27,1.0,2.0,ARG711,False,False,False,0.0,neutral
F730L_9MJT_VVD-214_cov,9MJT,F730L,VVD-214,covalent-adduct,9MJT_F730L,False,False,-7.788,137.5,ok,capable,-4.34,1.43,3.13,4.11,22.0,ALA706|ARG711|ARG732|ARG854|ARG857|ASN829|CYS727|GLN850|GLU846|GLY729|GLY825|GLY853|ILE725|ILE828|LEU730|MET826|SER707|SER708|THR726|TYR849|VAL552|VAL570,0.11,0.05,1.0,1.0,PHE730,False,False,False,0.0,neutral
F730L_9S18_VVD-214_cov,9S18,F730L,VVD-214,covalent-adduct,9S18_F730L,False,False,-8.106,127.9,ok,capable,27.94,2.18,18.65,1.73,18.0,ALA706|ARG732|ARG854|ARG857|CYS727|GLN850|GLU918|GLY825|GLY827|GLY853|GLY856|GLY859|ILE725|LEU730|MET826|THR726|THR728|TYR849,0.11,0.06,3.0,1.0,ASP858|GLY729|PHE730,False,False,True,1.0,resistance
F730L_7GQU_VVD-214_cov,7GQU,F730L,VVD-214,covalent-adduct,7GQU_F730L,False,False,-9.076,100.6,ok,capable,18.85,20.54,15.81,0.87,20.0,ALA572|ALA704|ALA706|ARG711|ASP919|CYS727|GLU846|GLU918|HIS916|ILE913|LYS898|LYS920|MET571|MET845|MET895|PHE917|THR705|THR728|TYR849|VAL570,0.05,0.13,0.0,0.0,,False,False,False,0.0,neutral
I852F_9MJT_VVD-214_cov,9MJT,I852F,VVD-214,covalent-adduct,9MJT_I852F,False,False,-7.859,133.3,ok,capable,-4.35,1.44,3.13,4.09,22.0,ALA706|ARG711|ARG732|ARG854|ARG857|ASN829|CYS727|GLN850|GLU846|GLY729|GLY825|GLY853|ILE725|ILE828|MET826|PHE730|SER707|SER708|THR726|TYR849|VAL552|VAL570,0.04,0.06,0.0,0.0,,False,False,False,0.0,neutral
I852F_9S18_VVD-214_cov,9S18,I852F,VVD-214,covalent-adduct,9S18_I852F,False,False,-8.204,121.2,ok,capable,27.99,2.2,18.66,1.76,20.0,ALA706|ARG732|ARG854|ARG857|ASP858|CYS727|GLN850|GLU918|GLY729|GLY825|GLY827|GLY853|GLY856|GLY859|ILE725|MET826|PHE730|THR726|THR728|TYR849,0.01,0.07,0.0,0.0,,False,False,False,0.0,neutral
I852F_7GQU_VVD-214_cov,7GQU,I852F,VVD-214,covalent-adduct,7GQU_I852F,False,False,-9.087,103.1,ok,capable,18.89,20.54,15.81,0.88,20.0,ALA572|ALA704|ALA706|ARG711|ASP919|CYS727|GLU846|GLU918|HIS916|ILE913|LYS898|LYS920|MET571|MET845|MET895|PHE917|THR705|THR728|TYR849|VAL570,0.04,0.16,0.0,0.0,,False,False,False,0.0,neutral
