docking_id,template,mutation,ligand,mode,best_score,wt_score,delta_score,pose_rmsd_vs_wt,n_contact_loss,n_contact_gain,contact_loss_list,criteria_rmsd,criteria_score,criteria_contact,n_criteria_met,verdict
C727A_7GQU_HRO761,7GQU,C727A,HRO761,non-covalent,-10.49,-9.952,-0.54,0.32,1,1,CYS727,False,False,False,0,neutral
C727R_7GQU_HRO761,7GQU,C727R,HRO761,non-covalent,-10.69,-9.952,-0.74,0.61,3,1,CYS727|GLU918|ILE913,False,False,True,1,resistance
C727S_7GQU_HRO761,7GQU,C727S,HRO761,non-covalent,-10.29,-9.952,-0.34,0.45,2,1,ARG711|CYS727,False,False,False,0,neutral
F730L_7GQU_HRO761,7GQU,F730L,HRO761,non-covalent,-9.985,-9.952,-0.03,0.11,0,0,,False,False,False,0,neutral
G729D_7GQU_HRO761,7GQU,G729D,HRO761,non-covalent,-10.73,-9.952,-0.78,12.49,6,12,ILE913|LEU890|LYS887|MET845|MET895|TYR891,True,False,True,2,resistance
I852F_7GQU_HRO761,7GQU,I852F,HRO761,non-covalent,-9.96,-9.952,-0.01,0.1,0,0,,False,False,False,0,neutral
L528S_7GQU_HRO761,7GQU,L528S,HRO761,non-covalent,-9.965,-9.952,-0.01,0.04,1,0,ILE913,False,False,False,0,neutral
C727A_7GQU_VVD-214,7GQU,C727A,VVD-214,non-covalent,-9.919,-9.425,-0.49,0.85,2,2,CYS727|ILE913,False,False,False,0,neutral
C727R_7GQU_VVD-214,7GQU,C727R,VVD-214,non-covalent,-9.946,-9.425,-0.52,1.13,1,3,CYS727,False,False,False,0,neutral
C727S_7GQU_VVD-214,7GQU,C727S,VVD-214,non-covalent,-9.489,-9.425,-0.06,0.23,1,2,CYS727,False,False,False,0,neutral
F730L_7GQU_VVD-214,7GQU,F730L,VVD-214,non-covalent,-9.418,-9.425,0.01,0.73,1,1,MET895,False,False,False,0,neutral
G729D_7GQU_VVD-214,7GQU,G729D,VVD-214,non-covalent,-9.651,-9.425,-0.23,0.66,1,2,MET895,False,False,False,0,neutral
I852F_7GQU_VVD-214,7GQU,I852F,VVD-214,non-covalent,-9.384,-9.425,0.04,0.72,1,1,MET895,False,False,False,0,neutral
L528S_7GQU_VVD-214,7GQU,L528S,VVD-214,non-covalent,-9.401,-9.425,0.02,0.58,0,1,,False,False,False,0,neutral
C727A_9MJT_HRO761,9MJT,C727A,HRO761,non-covalent,-9.53,-8.669,-0.86,11.78,10,11,ALA831|ARG854|ASN829|ASP858|CYS727|HIS671|ILE828|LYS830|SER707|THR705,True,False,True,2,resistance
C727R_9MJT_HRO761,9MJT,C727R,HRO761,non-covalent,-8.634,-8.669,0.04,0.14,2,1,ARG854|CYS727,False,False,False,0,neutral
C727S_9MJT_HRO761,9MJT,C727S,HRO761,non-covalent,-9.133,-8.669,-0.46,11.79,10,11,ALA831|ARG854|ASN829|ASP858|CYS727|HIS671|ILE828|LYS830|SER707|THR705,True,False,True,2,resistance
F730L_9MJT_HRO761,9MJT,F730L,HRO761,non-covalent,-8.585,-8.669,0.08,0.13,2,1,ARG854|PHE730,False,False,False,0,neutral
G729D_9MJT_HRO761,9MJT,G729D,HRO761,non-covalent,-8.488,-8.669,0.18,1.2,3,2,ARG732|CYS727|GLY729,False,False,True,1,resistance
I852F_9MJT_HRO761,9MJT,I852F,HRO761,non-covalent,-8.682,-8.669,-0.01,0.16,0,0,,False,False,False,0,neutral
L528S_9MJT_HRO761,9MJT,L528S,HRO761,non-covalent,-9.306,-8.669,-0.64,2.89,3,3,ARG854|ASP858|HIS671,False,False,True,1,resistance
C727A_9MJT_VVD-214,9MJT,C727A,VVD-214,non-covalent,-8.227,-8.945,0.72,7.56,9,3,ARG854|ASN829|CYS727|GLU846|GLY825|GLY827|ILE828|SER708|VAL552,True,False,True,2,resistance
C727R_9MJT_VVD-214,9MJT,C727R,VVD-214,non-covalent,-7.123,-8.945,1.82,10.51,13,3,ARG711|CYS727|GLN850|GLU846|GLY729|GLY825|GLY853|ILE725|PHE730|THR726|TYR849|VAL552|VAL570,True,True,True,3,resistance
C727S_9MJT_VVD-214,9MJT,C727S,VVD-214,non-covalent,-7.716,-8.945,1.23,8.11,14,9,ARG711|ARG854|ASN829|CYS727|GLN850|GLU846|GLY825|GLY827|ILE725|ILE828|MET826|SER708|THR726|VAL552,True,False,True,2,resistance
F730L_9MJT_VVD-214,9MJT,F730L,VVD-214,non-covalent,-8.821,-8.945,0.12,0.05,1,2,PHE730,False,False,False,0,neutral
G729D_9MJT_VVD-214,9MJT,G729D,VVD-214,non-covalent,-8.175,-8.945,0.77,6.36,10,3,ARG711|ARG854|ASN829|GLU846|GLY729|GLY825|GLY827|ILE828|SER707|SER708,True,False,True,2,resistance
I852F_9MJT_VVD-214,9MJT,I852F,VVD-214,non-covalent,-8.88,-8.945,0.06,0.1,0,0,,False,False,False,0,neutral
L528S_9MJT_VVD-214,9MJT,L528S,VVD-214,non-covalent,-7.98,-8.945,0.96,6.36,9,2,ARG711|ARG854|ASN829|GLU846|GLY825|GLY827|ILE828|SER707|SER708,True,False,True,2,resistance
C727A_9S18_HRO761,9S18,C727A,HRO761,non-covalent,-13.37,-13.54,0.17,1.41,3,3,ASP731|CYS727|VAL922,False,False,True,1,resistance
C727R_9S18_HRO761,9S18,C727R,HRO761,non-covalent,-7.327,-13.54,6.21,11.12,13,9,ARG732|ARG910|ASP731|CYS727|GLU918|ILE852|ILE913|LEU735|LEU737|LEU914|PHE730|TYR849|VAL922,True,True,True,3,resistance
C727S_9S18_HRO761,9S18,C727S,HRO761,non-covalent,-13.5,-13.54,0.04,1.42,3,3,ASP731|CYS727|VAL922,False,False,True,1,resistance
F730L_9S18_HRO761,9S18,F730L,HRO761,non-covalent,-13.43,-13.54,0.11,0.07,1,1,PHE730,False,False,False,0,neutral
G729D_9S18_HRO761,9S18,G729D,HRO761,non-covalent,-13.5,-13.54,0.04,0.06,0,0,,False,False,False,0,neutral
I852F_9S18_HRO761,9S18,I852F,HRO761,non-covalent,-13.84,-13.54,-0.3,0.07,1,1,ILE852,False,False,False,0,neutral
L528S_9S18_HRO761,9S18,L528S,HRO761,non-covalent,-13.51,-13.54,0.03,0.05,0,0,,False,False,False,0,neutral
C727A_9S18_VVD-214,9S18,C727A,VVD-214,non-covalent,-8.921,-8.204,-0.72,5.82,8,8,ARG711|ARG854|ASN829|CYS727|GLY825|GLY827|ILE828|MET826,True,False,True,2,resistance
C727R_9S18_VVD-214,9S18,C727R,VVD-214,non-covalent,-7.689,-8.204,0.52,5.89,5,5,ALA706|ARG732|CYS727|GLU918|THR726,True,False,True,2,resistance
C727S_9S18_VVD-214,9S18,C727S,VVD-214,non-covalent,-8.728,-8.204,-0.52,5.84,8,8,ARG711|ARG854|ASN829|CYS727|GLY825|GLY827|ILE828|MET826,True,False,True,2,resistance
F730L_9S18_VVD-214,9S18,F730L,VVD-214,non-covalent,-8.284,-8.204,-0.08,0.27,1,0,ARG854,False,False,False,0,neutral
G729D_9S18_VVD-214,9S18,G729D,VVD-214,non-covalent,-8.242,-8.204,-0.04,0.14,1,0,ARG854,False,False,False,0,neutral
I852F_9S18_VVD-214,9S18,I852F,VVD-214,non-covalent,-8.283,-8.204,-0.08,0.19,1,0,ARG854,False,False,False,0,neutral
L528S_9S18_VVD-214,9S18,L528S,VVD-214,non-covalent,-8.243,-8.204,-0.04,0.21,1,0,ARG854,False,False,False,0,neutral
L528S_9MJT_VVD-214_cov,9MJT,L528S,VVD-214,covalent-adduct,-7.95,-7.903,-0.05,0.12,0,0,,False,False,False,0,neutral
L528S_9S18_VVD-214_cov,9S18,L528S,VVD-214,covalent-adduct,-8.197,-8.215,0.02,0.07,1,0,ASP858,False,False,False,0,neutral
L528S_7GQU_VVD-214_cov,7GQU,L528S,VVD-214,covalent-adduct,-9.076,-9.122,0.05,0.07,0,0,,False,False,False,0,neutral
C727R_9MJT_VVD-214_cov,9MJT,C727R,VVD-214,covalent-adduct,-6.546,-7.903,1.36,10.78,17,8,ARG711|ARG854|ASN829|CYS727|GLN850|GLU846|GLY825|GLY853|ILE725|ILE828|MET826|PHE730|SER707|SER708|THR726|TYR849|VAL552,True,False,True,2,resistance
C727R_9S18_VVD-214_cov,9S18,C727R,VVD-214,covalent-adduct,-7.551,-8.215,0.66,6.78,12,6,ALA706|ARG732|ASP858|CYS727|GLU918|GLY729|GLY825|GLY827|GLY856|GLY859|PHE730|THR728,True,False,True,2,resistance
C727R_7GQU_VVD-214_cov,7GQU,C727R,VVD-214,covalent-adduct,-9.404,-9.122,-0.28,1.86,1,2,CYS727,False,False,False,0,neutral
G729D_9MJT_VVD-214_cov,9MJT,G729D,VVD-214,covalent-adduct,-8.025,-7.903,-0.12,0.32,3,1,ARG854|GLY729|GLY825,False,False,True,1,resistance
G729D_9S18_VVD-214_cov,9S18,G729D,VVD-214,covalent-adduct,-8.257,-8.215,-0.04,0.07,2,1,ASP858|GLY729,False,False,False,0,neutral
G729D_7GQU_VVD-214_cov,7GQU,G729D,VVD-214,covalent-adduct,-9.264,-9.122,-0.14,3.27,1,2,ARG711,False,False,False,0,neutral
F730L_9MJT_VVD-214_cov,9MJT,F730L,VVD-214,covalent-adduct,-7.788,-7.903,0.11,0.05,1,1,PHE730,False,False,False,0,neutral
F730L_9S18_VVD-214_cov,9S18,F730L,VVD-214,covalent-adduct,-8.106,-8.215,0.11,0.06,3,1,ASP858|GLY729|PHE730,False,False,True,1,resistance
F730L_7GQU_VVD-214_cov,7GQU,F730L,VVD-214,covalent-adduct,-9.076,-9.122,0.05,0.13,0,0,,False,False,False,0,neutral
I852F_9MJT_VVD-214_cov,9MJT,I852F,VVD-214,covalent-adduct,-7.859,-7.903,0.04,0.06,0,0,,False,False,False,0,neutral
I852F_9S18_VVD-214_cov,9S18,I852F,VVD-214,covalent-adduct,-8.204,-8.215,0.01,0.07,0,0,,False,False,False,0,neutral
I852F_7GQU_VVD-214_cov,7GQU,I852F,VVD-214,covalent-adduct,-9.087,-9.122,0.04,0.16,0,0,,False,False,False,0,neutral
C727A_9MJT_VVD-214_cov,9MJT,C727A,VVD-214,covalent-adduct,,,,,,,,False,False,False,0,resistance-covalent-blocked
C727A_9S18_VVD-214_cov,9S18,C727A,VVD-214,covalent-adduct,,,,,,,,False,False,False,0,resistance-covalent-blocked
C727A_7GQU_VVD-214_cov,7GQU,C727A,VVD-214,covalent-adduct,,,,,,,,False,False,False,0,resistance-covalent-blocked
C727S_9MJT_VVD-214_cov,9MJT,C727S,VVD-214,covalent-adduct,,,,,,,,False,False,False,0,resistance-covalent-blocked
C727S_9S18_VVD-214_cov,9S18,C727S,VVD-214,covalent-adduct,,,,,,,,False,False,False,0,resistance-covalent-blocked
C727S_7GQU_VVD-214_cov,7GQU,C727S,VVD-214,covalent-adduct,,,,,,,,False,False,False,0,resistance-covalent-blocked
