docking_id,template,mutation,ligand,mode,is_wt,is_neg_control,best_score,delta_score,pose_rmsd_vs_wt,n_contacts,n_contact_loss,anchor_dist,verdict
NEG_9S19_WT_HRO761,9S19,WT,HRO761,non-covalent,True,True,-9.031,,,0.0,,3.94,neg-control
NEG_9S19_WT_VVD-214,9S19,WT,VVD-214,non-covalent,True,True,-8.165,,,0.0,,5.34,neg-control
WT_7GQU_HRO761,7GQU,WT,HRO761,non-covalent,True,False,-9.952,,,20.0,,4.14,reference-wt
WT_7GQU_VVD-214,7GQU,WT,VVD-214,non-covalent,True,False,-9.425,,,19.0,,0.8,reference-wt
WT_9MJT_HRO761,9MJT,WT,HRO761,non-covalent,True,False,-8.669,,,20.0,,8.0,reference-wt
WT_9MJT_VVD-214,9MJT,WT,VVD-214,non-covalent,True,False,-8.945,,,23.0,,4.54,reference-wt
WT_9S18_HRO761,9S18,WT,HRO761,non-covalent,True,False,-13.54,,,24.0,,0.41,reference-wt
WT_9S18_VVD-214,9S18,WT,VVD-214,non-covalent,True,False,-8.204,,,17.0,,2.62,reference-wt
C727A_7GQU_HRO761,7GQU,C727A,HRO761,non-covalent,False,False,-10.49,-0.54,0.32,20.0,1.0,3.99,neutral
C727R_7GQU_HRO761,7GQU,C727R,HRO761,non-covalent,False,False,-10.69,-0.74,0.61,18.0,3.0,4.29,resistance
C727S_7GQU_HRO761,7GQU,C727S,HRO761,non-covalent,False,False,-10.29,-0.34,0.45,19.0,2.0,4.25,neutral
F730L_7GQU_HRO761,7GQU,F730L,HRO761,non-covalent,False,False,-9.985,-0.03,0.11,20.0,0.0,4.1,neutral
G729D_7GQU_HRO761,7GQU,G729D,HRO761,non-covalent,False,False,-10.73,-0.78,12.49,26.0,6.0,3.47,resistance
I852F_7GQU_HRO761,7GQU,I852F,HRO761,non-covalent,False,False,-9.96,-0.01,0.1,20.0,0.0,4.09,neutral
L528S_7GQU_HRO761,7GQU,L528S,HRO761,non-covalent,False,False,-9.965,-0.01,0.04,19.0,1.0,4.14,neutral
C727A_7GQU_VVD-214,7GQU,C727A,VVD-214,non-covalent,False,False,-9.919,-0.49,0.85,19.0,2.0,0.55,neutral
C727R_7GQU_VVD-214,7GQU,C727R,VVD-214,non-covalent,False,False,-9.946,-0.52,1.13,21.0,1.0,0.35,neutral
C727S_7GQU_VVD-214,7GQU,C727S,VVD-214,non-covalent,False,False,-9.489,-0.06,0.23,20.0,1.0,0.75,neutral
F730L_7GQU_VVD-214,7GQU,F730L,VVD-214,non-covalent,False,False,-9.418,0.01,0.73,19.0,1.0,0.85,neutral
G729D_7GQU_VVD-214,7GQU,G729D,VVD-214,non-covalent,False,False,-9.651,-0.23,0.66,20.0,1.0,0.86,neutral
I852F_7GQU_VVD-214,7GQU,I852F,VVD-214,non-covalent,False,False,-9.384,0.04,0.72,19.0,1.0,0.85,neutral
L528S_7GQU_VVD-214,7GQU,L528S,VVD-214,non-covalent,False,False,-9.401,0.02,0.58,20.0,0.0,0.8,neutral
C727A_9MJT_HRO761,9MJT,C727A,HRO761,non-covalent,False,False,-9.53,-0.86,11.78,21.0,10.0,1.32,resistance
C727R_9MJT_HRO761,9MJT,C727R,HRO761,non-covalent,False,False,-8.634,0.04,0.14,19.0,2.0,8.04,neutral
C727S_9MJT_HRO761,9MJT,C727S,HRO761,non-covalent,False,False,-9.133,-0.46,11.79,21.0,10.0,1.43,resistance
F730L_9MJT_HRO761,9MJT,F730L,HRO761,non-covalent,False,False,-8.585,0.08,0.13,19.0,2.0,7.99,neutral
G729D_9MJT_HRO761,9MJT,G729D,HRO761,non-covalent,False,False,-8.488,0.18,1.2,19.0,3.0,8.03,resistance
I852F_9MJT_HRO761,9MJT,I852F,HRO761,non-covalent,False,False,-8.682,-0.01,0.16,20.0,0.0,7.96,neutral
L528S_9MJT_HRO761,9MJT,L528S,HRO761,non-covalent,False,False,-9.306,-0.64,2.89,20.0,3.0,6.44,resistance
C727A_9MJT_VVD-214,9MJT,C727A,VVD-214,non-covalent,False,False,-8.227,0.72,7.56,17.0,9.0,2.32,resistance
C727R_9MJT_VVD-214,9MJT,C727R,VVD-214,non-covalent,False,False,-7.123,1.82,10.51,13.0,13.0,9.78,resistance
C727S_9MJT_VVD-214,9MJT,C727S,VVD-214,non-covalent,False,False,-7.716,1.23,8.11,18.0,14.0,4.95,resistance
F730L_9MJT_VVD-214,9MJT,F730L,VVD-214,non-covalent,False,False,-8.821,0.12,0.05,24.0,1.0,4.52,neutral
G729D_9MJT_VVD-214,9MJT,G729D,VVD-214,non-covalent,False,False,-8.175,0.77,6.36,16.0,10.0,2.71,resistance
I852F_9MJT_VVD-214,9MJT,I852F,VVD-214,non-covalent,False,False,-8.88,0.06,0.1,23.0,0.0,4.5,neutral
L528S_9MJT_VVD-214,9MJT,L528S,VVD-214,non-covalent,False,False,-7.98,0.96,6.36,16.0,9.0,2.71,resistance
C727A_9S18_HRO761,9S18,C727A,HRO761,non-covalent,False,False,-13.37,0.17,1.41,24.0,3.0,0.48,resistance
C727R_9S18_HRO761,9S18,C727R,HRO761,non-covalent,False,False,-7.327,6.21,11.12,20.0,13.0,7.45,resistance
C727S_9S18_HRO761,9S18,C727S,HRO761,non-covalent,False,False,-13.5,0.04,1.42,24.0,3.0,0.5,resistance
F730L_9S18_HRO761,9S18,F730L,HRO761,non-covalent,False,False,-13.43,0.11,0.07,24.0,1.0,0.38,neutral
G729D_9S18_HRO761,9S18,G729D,HRO761,non-covalent,False,False,-13.5,0.04,0.06,24.0,0.0,0.39,neutral
I852F_9S18_HRO761,9S18,I852F,HRO761,non-covalent,False,False,-13.84,-0.3,0.07,24.0,1.0,0.4,neutral
L528S_9S18_HRO761,9S18,L528S,HRO761,non-covalent,False,False,-13.51,0.03,0.05,24.0,0.0,0.39,neutral
C727A_9S18_VVD-214,9S18,C727A,VVD-214,non-covalent,False,False,-8.921,-0.72,5.82,17.0,8.0,2.1,resistance
C727R_9S18_VVD-214,9S18,C727R,VVD-214,non-covalent,False,False,-7.689,0.52,5.89,17.0,5.0,5.55,resistance
C727S_9S18_VVD-214,9S18,C727S,VVD-214,non-covalent,False,False,-8.728,-0.52,5.84,17.0,8.0,2.12,resistance
F730L_9S18_VVD-214,9S18,F730L,VVD-214,non-covalent,False,False,-8.284,-0.08,0.27,16.0,1.0,2.55,neutral
G729D_9S18_VVD-214,9S18,G729D,VVD-214,non-covalent,False,False,-8.242,-0.04,0.14,16.0,1.0,2.61,neutral
I852F_9S18_VVD-214,9S18,I852F,VVD-214,non-covalent,False,False,-8.283,-0.08,0.19,16.0,1.0,2.6,neutral
L528S_9S18_VVD-214,9S18,L528S,VVD-214,non-covalent,False,False,-8.243,-0.04,0.21,16.0,1.0,2.56,neutral
C727A_9MJT_VVD-214_cov,9MJT,C727A,VVD-214,covalent-adduct,False,False,,,,,,,resistance-covalent-blocked
C727A_9S18_VVD-214_cov,9S18,C727A,VVD-214,covalent-adduct,False,False,,,,,,,resistance-covalent-blocked
C727A_7GQU_VVD-214_cov,7GQU,C727A,VVD-214,covalent-adduct,False,False,,,,,,,resistance-covalent-blocked
C727S_9MJT_VVD-214_cov,9MJT,C727S,VVD-214,covalent-adduct,False,False,,,,,,,resistance-covalent-blocked
C727S_9S18_VVD-214_cov,9S18,C727S,VVD-214,covalent-adduct,False,False,,,,,,,resistance-covalent-blocked
C727S_7GQU_VVD-214_cov,7GQU,C727S,VVD-214,covalent-adduct,False,False,,,,,,,resistance-covalent-blocked
WT_9MJT_VVD-214_cov,9MJT,WT,VVD-214,covalent-adduct,True,False,-7.903,,,22.0,,4.11,reference-wt
WT_9S18_VVD-214_cov,9S18,WT,VVD-214,covalent-adduct,True,False,-8.215,,,20.0,,1.75,reference-wt
WT_7GQU_VVD-214_cov,7GQU,WT,VVD-214,covalent-adduct,True,False,-9.122,,,20.0,,0.86,reference-wt
L528S_9MJT_VVD-214_cov,9MJT,L528S,VVD-214,covalent-adduct,False,False,-7.95,-0.05,0.12,22.0,0.0,4.13,neutral
L528S_9S18_VVD-214_cov,9S18,L528S,VVD-214,covalent-adduct,False,False,-8.197,0.02,0.07,19.0,1.0,1.74,neutral
L528S_7GQU_VVD-214_cov,7GQU,L528S,VVD-214,covalent-adduct,False,False,-9.076,0.05,0.07,20.0,0.0,0.85,neutral
C727R_9MJT_VVD-214_cov,9MJT,C727R,VVD-214,covalent-adduct,False,False,-6.546,1.36,10.78,13.0,17.0,6.52,resistance
C727R_9S18_VVD-214_cov,9S18,C727R,VVD-214,covalent-adduct,False,False,-7.551,0.66,6.78,14.0,12.0,5.77,resistance
C727R_7GQU_VVD-214_cov,7GQU,C727R,VVD-214,covalent-adduct,False,False,-9.404,-0.28,1.86,21.0,1.0,0.63,neutral
G729D_9MJT_VVD-214_cov,9MJT,G729D,VVD-214,covalent-adduct,False,False,-8.025,-0.12,0.32,20.0,3.0,4.03,resistance
G729D_9S18_VVD-214_cov,9S18,G729D,VVD-214,covalent-adduct,False,False,-8.257,-0.04,0.07,19.0,2.0,1.72,neutral
G729D_7GQU_VVD-214_cov,7GQU,G729D,VVD-214,covalent-adduct,False,False,-9.264,-0.14,3.27,21.0,1.0,1.62,neutral
F730L_9MJT_VVD-214_cov,9MJT,F730L,VVD-214,covalent-adduct,False,False,-7.788,0.11,0.05,22.0,1.0,4.11,neutral
F730L_9S18_VVD-214_cov,9S18,F730L,VVD-214,covalent-adduct,False,False,-8.106,0.11,0.06,18.0,3.0,1.73,resistance
F730L_7GQU_VVD-214_cov,7GQU,F730L,VVD-214,covalent-adduct,False,False,-9.076,0.05,0.13,20.0,0.0,0.87,neutral
I852F_9MJT_VVD-214_cov,9MJT,I852F,VVD-214,covalent-adduct,False,False,-7.859,0.04,0.06,22.0,0.0,4.09,neutral
I852F_9S18_VVD-214_cov,9S18,I852F,VVD-214,covalent-adduct,False,False,-8.204,0.01,0.07,20.0,0.0,1.76,neutral
I852F_7GQU_VVD-214_cov,7GQU,I852F,VVD-214,covalent-adduct,False,False,-9.087,0.04,0.16,20.0,0.0,0.88,neutral
