docking_id,mutation,template,ligand,mode,delta_score,pose_rmsd,n_contact_loss,n_criteria_met
C727R_9S18_HRO761,C727R,9S18,HRO761,non-covalent,6.21,11.12,24,3
C727R_9MJT_VVD-214,C727R,9MJT,VVD-214,non-covalent,1.82,10.51,23,3
C727R_9MJT_VVD-214_cov,C727R,9MJT,VVD-214,covalent-adduct,1.36,10.78,22,2
C727S_9MJT_VVD-214,C727S,9MJT,VVD-214,non-covalent,1.23,8.11,23,2
L528S_9MJT_VVD-214,L528S,9MJT,VVD-214,non-covalent,0.96,6.36,23,2
G729D_9MJT_VVD-214,G729D,9MJT,VVD-214,non-covalent,0.77,6.36,23,2
C727A_9MJT_VVD-214,C727A,9MJT,VVD-214,non-covalent,0.72,7.56,23,2
C727R_9S18_VVD-214_cov,C727R,9S18,VVD-214,covalent-adduct,0.66,6.78,20,2
C727R_9S18_VVD-214,C727R,9S18,VVD-214,non-covalent,0.52,5.89,17,2
C727S_9MJT_HRO761,C727S,9MJT,HRO761,non-covalent,-0.46,11.79,20,2
C727S_9S18_VVD-214,C727S,9S18,VVD-214,non-covalent,-0.52,5.84,16,2
C727A_9S18_VVD-214,C727A,9S18,VVD-214,non-covalent,-0.72,5.82,15,2
G729D_7GQU_HRO761,G729D,7GQU,HRO761,non-covalent,-0.78,12.49,19,2
C727A_9MJT_HRO761,C727A,9MJT,HRO761,non-covalent,-0.86,11.78,20,2
G729D_9MJT_HRO761,G729D,9MJT,HRO761,non-covalent,0.18,1.2,20,1
C727A_9S18_HRO761,C727A,9S18,HRO761,non-covalent,0.17,1.41,23,1
F730L_9MJT_VVD-214,F730L,9MJT,VVD-214,non-covalent,0.12,0.05,23,1
F730L_9S18_HRO761,F730L,9S18,HRO761,non-covalent,0.11,0.07,24,1
F730L_9MJT_VVD-214_cov,F730L,9MJT,VVD-214,covalent-adduct,0.11,0.05,22,1
F730L_9S18_VVD-214_cov,F730L,9S18,VVD-214,covalent-adduct,0.11,0.06,20,1
F730L_9MJT_HRO761,F730L,9MJT,HRO761,non-covalent,0.08,0.13,20,1
I852F_9MJT_VVD-214,I852F,9MJT,VVD-214,non-covalent,0.06,0.1,23,1
L528S_7GQU_VVD-214_cov,L528S,7GQU,VVD-214,covalent-adduct,0.05,0.07,20,1
F730L_7GQU_VVD-214_cov,F730L,7GQU,VVD-214,covalent-adduct,0.05,0.13,20,1
I852F_7GQU_VVD-214,I852F,7GQU,VVD-214,non-covalent,0.04,0.72,19,1
C727R_9MJT_HRO761,C727R,9MJT,HRO761,non-covalent,0.04,0.14,20,1
C727S_9S18_HRO761,C727S,9S18,HRO761,non-covalent,0.04,1.42,24,1
G729D_9S18_HRO761,G729D,9S18,HRO761,non-covalent,0.04,0.06,24,1
I852F_9MJT_VVD-214_cov,I852F,9MJT,VVD-214,covalent-adduct,0.04,0.06,22,1
I852F_7GQU_VVD-214_cov,I852F,7GQU,VVD-214,covalent-adduct,0.04,0.16,20,1
L528S_9S18_HRO761,L528S,9S18,HRO761,non-covalent,0.03,0.05,24,1
L528S_7GQU_VVD-214,L528S,7GQU,VVD-214,non-covalent,0.02,0.58,19,1
L528S_9S18_VVD-214_cov,L528S,9S18,VVD-214,covalent-adduct,0.02,0.07,20,1
F730L_7GQU_VVD-214,F730L,7GQU,VVD-214,non-covalent,0.01,0.73,19,1
I852F_9S18_VVD-214_cov,I852F,9S18,VVD-214,covalent-adduct,0.01,0.07,20,1
I852F_7GQU_HRO761,I852F,7GQU,HRO761,non-covalent,-0.01,0.1,19,1
L528S_7GQU_HRO761,L528S,7GQU,HRO761,non-covalent,-0.01,0.04,19,1
I852F_9MJT_HRO761,I852F,9MJT,HRO761,non-covalent,-0.01,0.16,20,1
F730L_7GQU_HRO761,F730L,7GQU,HRO761,non-covalent,-0.03,0.11,19,1
G729D_9S18_VVD-214,G729D,9S18,VVD-214,non-covalent,-0.04,0.14,16,1
L528S_9S18_VVD-214,L528S,9S18,VVD-214,non-covalent,-0.04,0.21,16,1
G729D_9S18_VVD-214_cov,G729D,9S18,VVD-214,covalent-adduct,-0.04,0.07,20,1
L528S_9MJT_VVD-214_cov,L528S,9MJT,VVD-214,covalent-adduct,-0.05,0.12,22,1
C727S_7GQU_VVD-214,C727S,7GQU,VVD-214,non-covalent,-0.06,0.23,19,1
F730L_9S18_VVD-214,F730L,9S18,VVD-214,non-covalent,-0.08,0.27,16,1
I852F_9S18_VVD-214,I852F,9S18,VVD-214,non-covalent,-0.08,0.19,16,1
G729D_9MJT_VVD-214_cov,G729D,9MJT,VVD-214,covalent-adduct,-0.12,0.32,22,1
G729D_7GQU_VVD-214_cov,G729D,7GQU,VVD-214,covalent-adduct,-0.14,3.27,20,1
G729D_7GQU_VVD-214,G729D,7GQU,VVD-214,non-covalent,-0.23,0.66,19,1
C727R_7GQU_VVD-214_cov,C727R,7GQU,VVD-214,covalent-adduct,-0.28,1.86,20,1
I852F_9S18_HRO761,I852F,9S18,HRO761,non-covalent,-0.3,0.07,24,1
C727S_7GQU_HRO761,C727S,7GQU,HRO761,non-covalent,-0.34,0.45,19,1
C727A_7GQU_VVD-214,C727A,7GQU,VVD-214,non-covalent,-0.49,0.85,19,1
C727R_7GQU_VVD-214,C727R,7GQU,VVD-214,non-covalent,-0.52,1.13,19,1
C727A_7GQU_HRO761,C727A,7GQU,HRO761,non-covalent,-0.54,0.32,19,1
L528S_9MJT_HRO761,L528S,9MJT,HRO761,non-covalent,-0.64,2.89,20,1
C727R_7GQU_HRO761,C727R,7GQU,HRO761,non-covalent,-0.74,0.61,19,1
