docking_id,template,mutation,ligand,mode,receptor_id,is_wt,is_neg_control,best_score,elapsed_s,status,cov_status,centroid_x,centroid_y,centroid_z,anchor_dist,n_contacts,contact_residues,pose_rmsd_vs_wt
C727A_7GQU_HRO761,7GQU,C727A,HRO761,non-covalent,7GQU_C727A_nolig,False,False,-10.49,225.5,ok,,20.91,18.56,13.43,3.99,20.0,ALA706|ALA727|ARG711|ASP919|GLU846|GLU918|HIS916|ILE913|LEU890|LYS555|LYS887|LYS894|LYS898|LYS920|MET845|MET895|PHE917|SER708|TYR849|TYR891,0.31742
C727R_7GQU_HRO761,7GQU,C727R,HRO761,non-covalent,7GQU_C727R_nolig,False,False,-10.69,230.5,ok,,21.25,18.65,13.12,4.29,18.0,ALA706|ARG711|ARG727|ASP919|GLU846|HIS916|LEU890|LYS555|LYS887|LYS894|LYS898|LYS920|MET845|MET895|PHE917|SER708|TYR849|TYR891,0.606679
C727S_7GQU_HRO761,7GQU,C727S,HRO761,non-covalent,7GQU_C727S_nolig,False,False,-10.29,219.4,ok,,21.21,18.52,13.31,4.25,19.0,ALA706|ASP919|GLU846|GLU918|HIS916|ILE913|LEU890|LYS555|LYS887|LYS894|LYS898|LYS920|MET845|MET895|PHE917|SER708|SER727|TYR849|TYR891,0.450912
F730L_7GQU_HRO761,7GQU,F730L,HRO761,non-covalent,7GQU_F730L,False,False,-9.985,223.9,ok,,21.12,18.58,13.44,4.1,20.0,ALA706|ARG711|ASP919|CYS727|GLU846|GLU918|HIS916|ILE913|LEU890|LYS555|LYS887|LYS894|LYS898|LYS920|MET845|MET895|PHE917|SER708|TYR849|TYR891,0.110969
G729D_7GQU_HRO761,7GQU,G729D,HRO761,non-covalent,7GQU_G729D,False,False,-10.73,221.1,ok,,21.88,22.71,14.97,3.47,26.0,ALA572|ALA704|ALA706|ARG711|ASP919|CYS727|GLN850|GLN921|GLN923|GLU846|GLU918|HIS916|ILE725|LYS555|LYS894|LYS898|LYS920|PHE917|PRO551|SER708|THR705|THR726|THR728|TYR849|VAL552|VAL570,12.4897
I852F_7GQU_HRO761,7GQU,I852F,HRO761,non-covalent,7GQU_I852F,False,False,-9.96,220.9,ok,,21.1,18.56,13.44,4.09,20.0,ALA706|ARG711|ASP919|CYS727|GLU846|GLU918|HIS916|ILE913|LEU890|LYS555|LYS887|LYS894|LYS898|LYS920|MET845|MET895|PHE917|SER708|TYR849|TYR891,0.100925
L528S_7GQU_HRO761,7GQU,L528S,HRO761,non-covalent,7GQU_L528S,False,False,-9.965,226.2,ok,,21.09,18.53,13.39,4.14,19.0,ALA706|ARG711|ASP919|CYS727|GLU846|GLU918|HIS916|LEU890|LYS555|LYS887|LYS894|LYS898|LYS920|MET845|MET895|PHE917|SER708|TYR849|TYR891,0.0409083
C727A_7GQU_VVD-214,7GQU,C727A,VVD-214,non-covalent,7GQU_C727A_nolig,False,False,-9.919,76.3,ok,,18.43,21.05,15.77,0.55,19.0,ALA572|ALA704|ALA706|ALA727|ARG711|ASP919|GLU846|GLU918|HIS916|LYS898|LYS920|MET571|MET845|MET895|PHE917|THR705|THR728|TYR849|VAL570,0.85481
C727R_7GQU_VVD-214,7GQU,C727R,VVD-214,non-covalent,7GQU_C727R_nolig,False,False,-9.946,79.9,ok,,18.49,21.07,15.5,0.35,21.0,ALA572|ALA704|ALA706|ARG711|ARG727|ASP919|GLU846|GLU918|HIS916|ILE725|ILE913|LYS898|LYS920|MET571|MET845|MET895|PHE917|THR705|THR728|TYR849|VAL570,1.13407
C727S_7GQU_VVD-214,7GQU,C727S,VVD-214,non-covalent,7GQU_C727S_nolig,False,False,-9.489,79.5,ok,,18.55,20.79,15.91,0.75,20.0,ALA572|ALA704|ALA706|ARG711|ASP919|GLU846|GLU918|HIS916|ILE913|LYS898|LYS920|MET571|MET845|MET895|PHE917|SER727|THR705|THR728|TYR849|VAL570,0.233261
F730L_7GQU_VVD-214,7GQU,F730L,VVD-214,non-covalent,7GQU_F730L,False,False,-9.418,78.1,ok,,18.51,20.58,15.79,0.85,19.0,ALA572|ALA704|ALA706|ARG711|ASP919|CYS727|GLU846|GLU918|HIS916|ILE913|LYS898|LYS920|MET571|MET845|PHE917|THR705|THR728|TYR849|VAL570,0.730005
G729D_7GQU_VVD-214,7GQU,G729D,VVD-214,non-covalent,7GQU_G729D,False,False,-9.651,75.9,ok,,18.58,20.58,15.85,0.86,20.0,ALA572|ALA704|ALA706|ARG711|ASP729|ASP919|CYS727|GLU846|GLU918|HIS916|ILE913|LYS898|LYS920|MET571|MET845|PHE917|THR705|THR728|TYR849|VAL570,0.663763
I852F_7GQU_VVD-214,7GQU,I852F,VVD-214,non-covalent,7GQU_I852F,False,False,-9.384,80.8,ok,,18.57,20.59,15.83,0.85,19.0,ALA572|ALA704|ALA706|ARG711|ASP919|CYS727|GLU846|GLU918|HIS916|ILE913|LYS898|LYS920|MET571|MET845|PHE917|THR705|THR728|TYR849|VAL570,0.718577
L528S_7GQU_VVD-214,7GQU,L528S,VVD-214,non-covalent,7GQU_L528S,False,False,-9.401,76.9,ok,,18.6,20.61,15.78,0.8,20.0,ALA572|ALA704|ALA706|ARG711|ASP919|CYS727|GLU846|GLU918|HIS916|ILE913|LYS898|LYS920|MET571|MET845|MET895|PHE917|THR705|THR728|TYR849|VAL570,0.580791
C727A_9MJT_HRO761,9MJT,C727A,HRO761,non-covalent,9MJT_C727A,False,False,-9.53,308.6,ok,,-6.54,2.91,5.43,1.32,21.0,ALA704|ALA706|ALA727|ARG711|ARG732|ARG857|ASP731|GLN850|GLU846|GLY729|GLY853|ILE725|LYS555|MET826|PHE730|SER708|THR726|THR728|TYR849|VAL552|VAL570,11.7797
C727R_9MJT_HRO761,9MJT,C727R,HRO761,non-covalent,9MJT_C727R,False,False,-8.634,334.7,ok,,-6.18,10.1,5.52,8.04,19.0,ALA704|ALA706|ALA831|ARG727|ARG732|ARG857|ASN829|ASP731|ASP858|GLY729|HIS671|ILE828|LYS830|MET826|PHE730|SER707|SER708|THR705|THR728,0.135105
C727S_9MJT_HRO761,9MJT,C727S,HRO761,non-covalent,9MJT_C727S,False,False,-9.133,307.1,ok,,-6.48,2.88,5.28,1.43,21.0,ALA704|ALA706|ARG711|ARG732|ARG857|ASP731|GLN850|GLU846|GLY729|GLY853|ILE725|LYS555|MET826|PHE730|SER708|SER727|THR726|THR728|TYR849|VAL552|VAL570,11.7924
F730L_9MJT_HRO761,9MJT,F730L,HRO761,non-covalent,9MJT_F730L,False,False,-8.585,314.4,ok,,-6.19,10.05,5.53,7.99,19.0,ALA704|ALA706|ALA831|ARG732|ARG857|ASN829|ASP731|ASP858|CYS727|GLY729|HIS671|ILE828|LEU730|LYS830|MET826|SER707|SER708|THR705|THR728,0.130191
G729D_9MJT_HRO761,9MJT,G729D,HRO761,non-covalent,9MJT_G729D,False,False,-8.488,274.2,ok,,-6.36,10.15,6.06,8.03,19.0,ALA572|ALA704|ALA706|ALA831|ARG854|ARG857|ASN829|ASP729|ASP731|ASP858|HIS671|ILE828|LYS830|MET826|PHE730|SER707|SER708|THR705|THR728,1.19545
I852F_9MJT_HRO761,9MJT,I852F,HRO761,non-covalent,9MJT_I852F,False,False,-8.682,317.6,ok,,-6.19,10.02,5.52,7.96,20.0,ALA704|ALA706|ALA831|ARG732|ARG854|ARG857|ASN829|ASP731|ASP858|CYS727|GLY729|HIS671|ILE828|LYS830|MET826|PHE730|SER707|SER708|THR705|THR728,0.157425
L528S_9MJT_HRO761,9MJT,L528S,HRO761,non-covalent,9MJT_L528S,False,False,-9.306,311.3,ok,,-6.08,8.45,5.39,6.44,20.0,ALA704|ALA706|ALA831|ARG732|ARG857|ASN829|ASP731|CYS727|GLY729|GLY853|ILE828|LYS830|MET826|PHE730|SER707|SER708|THR705|THR728|TYR849|VAL570,2.88632
C727A_9MJT_VVD-214,9MJT,C727A,VVD-214,non-covalent,9MJT_C727A,False,False,-8.227,90.4,ok,,-5.59,2.22,4.4,2.32,17.0,ALA706|ALA727|ARG711|ARG732|ARG857|ASP731|GLN850|GLY729|GLY853|ILE725|MET826|PHE730|SER707|THR726|THR728|TYR849|VAL570,7.56307
C727R_9MJT_VVD-214,9MJT,C727R,VVD-214,non-covalent,9MJT_C727R,False,False,-7.123,103.4,ok,,-2.98,9.76,1.56,9.78,13.0,ALA706|ALA831|ARG732|ARG854|ARG857|ASN829|GLY827|GLY856|ILE828|LYS830|MET826|SER707|SER708,10.5114
C727S_9MJT_VVD-214,9MJT,C727S,VVD-214,non-covalent,9MJT_C727S,False,False,-7.716,93.2,ok,,-7.98,6.67,5.11,4.95,18.0,ALA572|ALA704|ALA706|ARG732|ARG857|ASN734|ASP731|GLY729|GLY853|GLY856|GLY859|MET571|PHE730|SER707|SER727|THR728|TYR849|VAL570,8.11312
F730L_9MJT_VVD-214,9MJT,F730L,VVD-214,non-covalent,9MJT_F730L,False,False,-8.821,102.0,ok,,-3.96,1.76,2.83,4.52,24.0,ALA706|ARG711|ARG732|ARG854|ARG857|ASN829|CYS727|GLN850|GLU846|GLY729|GLY825|GLY827|GLY853|ILE725|ILE828|LEU730|MET826|SER707|SER708|THR726|THR728|TYR849|VAL552|VAL570,0.0534444
G729D_9MJT_VVD-214,9MJT,G729D,VVD-214,non-covalent,9MJT_G729D,False,False,-8.175,104.3,ok,,-5.89,1.19,4.04,2.71,16.0,ALA706|ARG732|ARG857|ASP729|ASP731|CYS727|GLN850|GLY853|ILE725|LYS555|MET826|PHE730|THR726|TYR849|VAL552|VAL570,6.36019
I852F_9MJT_VVD-214,9MJT,I852F,VVD-214,non-covalent,9MJT_I852F,False,False,-8.88,107.3,ok,,-3.95,1.72,2.86,4.5,23.0,ALA706|ARG711|ARG732|ARG854|ARG857|ASN829|CYS727|GLN850|GLU846|GLY729|GLY825|GLY827|GLY853|ILE725|ILE828|MET826|PHE730|SER707|SER708|THR726|TYR849|VAL552|VAL570,0.104059
L528S_9MJT_VVD-214,9MJT,L528S,VVD-214,non-covalent,9MJT_L528S,False,False,-7.98,98.6,ok,,-5.89,1.19,4.05,2.71,16.0,ALA706|ARG732|ARG857|ASP731|CYS727|GLN850|GLY729|GLY853|ILE725|LYS555|MET826|PHE730|THR726|TYR849|VAL552|VAL570,6.35829
C727A_9S18_HRO761,9S18,C727A,HRO761,non-covalent,9S18_C727A,False,False,-13.37,213.3,ok,,27.8,0.28,17.98,0.48,24.0,ALA706|ALA727|ARG565|ARG732|ARG854|ARG857|ARG910|GLN724|GLN850|GLU918|GLY825|GLY827|GLY853|ILE725|ILE852|ILE913|LEU735|LEU737|LEU914|MET826|PHE730|PRO723|THR728|TYR849,1.41278
C727R_9S18_HRO761,9S18,C727R,HRO761,non-covalent,9S18_C727R,False,False,-7.327,346.8,ok,,23.52,4.66,13.01,7.45,20.0,ALA706|ARG565|ARG711|ARG727|ARG854|ARG857|ASN829|ASP844|GLN724|GLN850|GLU846|GLY827|GLY853|ILE725|LYS555|MET826|PRO723|SER847|TYR891|VAL570,11.1219
C727S_9S18_HRO761,9S18,C727S,HRO761,non-covalent,9S18_C727S,False,False,-13.5,220.9,ok,,27.82,0.29,18.02,0.5,24.0,ALA706|ARG565|ARG732|ARG854|ARG857|ARG910|GLN724|GLN850|GLU918|GLY825|GLY827|GLY853|ILE725|ILE852|ILE913|LEU735|LEU737|LEU914|MET826|PHE730|PRO723|SER727|THR728|TYR849,1.42049
F730L_9S18_HRO761,9S18,F730L,HRO761,non-covalent,9S18_F730L,False,False,-13.43,209.4,ok,,27.59,0.33,17.87,0.38,24.0,ALA706|ARG565|ARG732|ARG854|ARG857|ARG910|ASP731|CYS727|GLN724|GLN850|GLU918|GLY827|GLY853|ILE725|ILE852|ILE913|LEU730|LEU735|LEU737|LEU914|MET826|PRO723|TYR849|VAL922,0.0738057
G729D_9S18_HRO761,9S18,G729D,HRO761,non-covalent,9S18_G729D,False,False,-13.5,244.1,ok,,27.58,0.32,17.87,0.39,24.0,ALA706|ARG565|ARG732|ARG854|ARG857|ARG910|ASP731|CYS727|GLN724|GLN850|GLU918|GLY827|GLY853|ILE725|ILE852|ILE913|LEU735|LEU737|LEU914|MET826|PHE730|PRO723|TYR849|VAL922,0.059098
I852F_9S18_HRO761,9S18,I852F,HRO761,non-covalent,9S18_I852F,False,False,-13.84,214.0,ok,,27.59,0.31,17.87,0.4,24.0,ALA706|ARG565|ARG732|ARG854|ARG857|ARG910|ASP731|CYS727|GLN724|GLN850|GLU918|GLY827|GLY853|ILE725|ILE913|LEU735|LEU737|LEU914|MET826|PHE730|PHE852|PRO723|TYR849|VAL922,0.068076
L528S_9S18_HRO761,9S18,L528S,HRO761,non-covalent,9S18_L528S,False,False,-13.51,209.3,ok,,27.59,0.33,17.88,0.39,24.0,ALA706|ARG565|ARG732|ARG854|ARG857|ARG910|ASP731|CYS727|GLN724|GLN850|GLU918|GLY827|GLY853|ILE725|ILE852|ILE913|LEU735|LEU737|LEU914|MET826|PHE730|PRO723|TYR849|VAL922,0.0535918
C727A_9S18_VVD-214,9S18,C727A,VVD-214,non-covalent,9S18_C727A,False,False,-8.921,83.3,ok,,28.98,-0.65,16.89,2.1,17.0,ALA706|ALA727|ARG732|ARG857|GLN850|GLU918|GLY853|ILE725|ILE913|LEU735|LEU914|LYS555|PHE730|THR726|THR728|TYR849|VAL552,5.8248
C727R_9S18_VVD-214,9S18,C727R,VVD-214,non-covalent,9S18_C727R,False,False,-7.689,106.1,ok,,24.23,4.07,15.01,5.55,17.0,ARG565|ARG711|ARG727|ARG854|ARG857|ASN829|GLN724|GLN850|GLY825|GLY827|GLY853|ILE725|ILE828|LYS555|MET826|PRO723|TYR849,5.89094
C727S_9S18_VVD-214,9S18,C727S,VVD-214,non-covalent,9S18_C727S,False,False,-8.728,80.8,ok,,28.96,-0.72,16.91,2.12,17.0,ALA706|ARG732|ARG857|GLN850|GLU918|GLY853|ILE725|ILE913|LEU735|LEU914|LYS555|PHE730|SER727|THR726|THR728|TYR849|VAL552,5.84303
F730L_9S18_VVD-214,9S18,F730L,VVD-214,non-covalent,9S18_F730L,False,False,-8.284,86.5,ok,,26.65,3.03,17.53,2.55,16.0,ALA706|ARG711|ARG732|ARG857|ASN829|CYS727|GLN850|GLU918|GLY825|GLY827|GLY853|ILE725|ILE828|MET826|THR726|TYR849,0.268948
G729D_9S18_VVD-214,9S18,G729D,VVD-214,non-covalent,9S18_G729D,False,False,-8.242,83.0,ok,,26.68,3.11,17.55,2.61,16.0,ALA706|ARG711|ARG732|ARG857|ASN829|CYS727|GLN850|GLU918|GLY825|GLY827|GLY853|ILE725|ILE828|MET826|THR726|TYR849,0.143275
I852F_9S18_VVD-214,9S18,I852F,VVD-214,non-covalent,9S18_I852F,False,False,-8.283,87.8,ok,,26.63,3.07,17.48,2.6,16.0,ALA706|ARG711|ARG732|ARG857|ASN829|CYS727|GLN850|GLU918|GLY825|GLY827|GLY853|ILE725|ILE828|MET826|THR726|TYR849,0.190744
L528S_9S18_VVD-214,9S18,L528S,VVD-214,non-covalent,9S18_L528S,False,False,-8.243,94.0,ok,,26.61,3.02,17.49,2.56,16.0,ALA706|ARG711|ARG732|ARG857|ASN829|CYS727|GLN850|GLU918|GLY825|GLY827|GLY853|ILE725|ILE828|MET826|THR726|TYR849,0.205386
L528S_9MJT_VVD-214_cov,9MJT,L528S,VVD-214,covalent-adduct,9MJT_L528S,False,False,-7.95,144.0,ok,capable,-4.36,1.49,3.07,4.13,22.0,ALA706|ARG711|ARG732|ARG854|ARG857|ASN829|CYS727|GLN850|GLU846|GLY729|GLY825|GLY853|ILE725|ILE828|MET826|PHE730|SER707|SER708|THR726|TYR849|VAL552|VAL570,0.124109
L528S_9S18_VVD-214_cov,9S18,L528S,VVD-214,covalent-adduct,9S18_L528S,False,False,-8.197,114.3,ok,capable,28.0,2.16,18.67,1.74,19.0,ALA706|ARG732|ARG854|ARG857|CYS727|GLN850|GLU918|GLY729|GLY825|GLY827|GLY853|GLY856|GLY859|ILE725|MET826|PHE730|THR726|THR728|TYR849,0.0697979
L528S_7GQU_VVD-214_cov,7GQU,L528S,VVD-214,covalent-adduct,7GQU_L528S,False,False,-9.076,101.4,ok,capable,18.86,20.54,15.77,0.85,20.0,ALA572|ALA704|ALA706|ARG711|ASP919|CYS727|GLU846|GLU918|HIS916|ILE913|LYS898|LYS920|MET571|MET845|MET895|PHE917|THR705|THR728|TYR849|VAL570,0.0684516
C727R_9MJT_VVD-214_cov,9MJT,C727R,VVD-214,covalent-adduct,9MJT_C727R,False,False,-6.546,149.5,ok,capable,-10.67,6.87,8.35,6.52,13.0,ALA572|ALA704|ALA706|ALA925|ARG727|ARG732|ARG857|ASP731|GLY729|GLY856|THR728|VAL570|VAL922,10.7772
C727R_9S18_VVD-214_cov,9S18,C727R,VVD-214,covalent-adduct,9S18_C727R,False,False,-7.551,138.3,ok,capable,24.62,3.49,13.75,5.77,14.0,ARG565|ARG711|ARG727|ARG854|ARG857|GLN724|GLN850|GLU846|GLY853|ILE725|LYS555|MET826|THR726|TYR849,6.78022
C727R_7GQU_VVD-214_cov,7GQU,C727R,VVD-214,covalent-adduct,7GQU_C727R_nolig,False,False,-9.404,101.0,ok,capable,19.02,20.73,15.41,0.63,21.0,ALA572|ALA704|ALA706|ARG711|ARG727|ASP919|GLU846|GLU918|HIS916|ILE725|ILE913|LYS898|LYS920|MET571|MET845|MET895|PHE917|THR705|THR728|TYR849|VAL570,1.86022
G729D_9MJT_VVD-214_cov,9MJT,G729D,VVD-214,covalent-adduct,9MJT_G729D,False,False,-8.025,147.7,ok,capable,-4.39,1.54,3.16,4.03,20.0,ALA706|ARG711|ARG732|ARG857|ASN829|ASP729|CYS727|GLN850|GLU846|GLY853|ILE725|ILE828|MET826|PHE730|SER707|SER708|THR726|TYR849|VAL552|VAL570,0.323867
G729D_9S18_VVD-214_cov,9S18,G729D,VVD-214,covalent-adduct,9S18_G729D,False,False,-8.257,119.2,ok,capable,27.99,2.16,18.64,1.72,19.0,ALA706|ARG732|ARG854|ARG857|ASP729|CYS727|GLN850|GLU918|GLY825|GLY827|GLY853|GLY856|GLY859|ILE725|MET826|PHE730|THR726|THR728|TYR849,0.0668419
G729D_7GQU_VVD-214_cov,7GQU,G729D,VVD-214,covalent-adduct,7GQU_G729D,False,False,-9.264,99.6,ok,capable,18.87,19.74,15.82,1.62,21.0,ALA572|ALA704|ALA706|ASP729|ASP919|CYS727|GLU846|GLU918|HIS916|ILE913|LYS894|LYS898|LYS920|MET571|MET845|MET895|PHE917|THR705|THR728|TYR849|VAL570,3.27457
F730L_9MJT_VVD-214_cov,9MJT,F730L,VVD-214,covalent-adduct,9MJT_F730L,False,False,-7.788,137.5,ok,capable,-4.34,1.43,3.13,4.11,22.0,ALA706|ARG711|ARG732|ARG854|ARG857|ASN829|CYS727|GLN850|GLU846|GLY729|GLY825|GLY853|ILE725|ILE828|LEU730|MET826|SER707|SER708|THR726|TYR849|VAL552|VAL570,0.0529484
F730L_9S18_VVD-214_cov,9S18,F730L,VVD-214,covalent-adduct,9S18_F730L,False,False,-8.106,127.9,ok,capable,27.94,2.18,18.65,1.73,18.0,ALA706|ARG732|ARG854|ARG857|CYS727|GLN850|GLU918|GLY825|GLY827|GLY853|GLY856|GLY859|ILE725|LEU730|MET826|THR726|THR728|TYR849,0.0561176
F730L_7GQU_VVD-214_cov,7GQU,F730L,VVD-214,covalent-adduct,7GQU_F730L,False,False,-9.076,100.6,ok,capable,18.85,20.54,15.81,0.87,20.0,ALA572|ALA704|ALA706|ARG711|ASP919|CYS727|GLU846|GLU918|HIS916|ILE913|LYS898|LYS920|MET571|MET845|MET895|PHE917|THR705|THR728|TYR849|VAL570,0.125826
I852F_9MJT_VVD-214_cov,9MJT,I852F,VVD-214,covalent-adduct,9MJT_I852F,False,False,-7.859,133.3,ok,capable,-4.35,1.44,3.13,4.09,22.0,ALA706|ARG711|ARG732|ARG854|ARG857|ASN829|CYS727|GLN850|GLU846|GLY729|GLY825|GLY853|ILE725|ILE828|MET826|PHE730|SER707|SER708|THR726|TYR849|VAL552|VAL570,0.0579908
I852F_9S18_VVD-214_cov,9S18,I852F,VVD-214,covalent-adduct,9S18_I852F,False,False,-8.204,121.2,ok,capable,27.99,2.2,18.66,1.76,20.0,ALA706|ARG732|ARG854|ARG857|ASP858|CYS727|GLN850|GLU918|GLY729|GLY825|GLY827|GLY853|GLY856|GLY859|ILE725|MET826|PHE730|THR726|THR728|TYR849,0.0709362
I852F_7GQU_VVD-214_cov,7GQU,I852F,VVD-214,covalent-adduct,7GQU_I852F,False,False,-9.087,103.1,ok,capable,18.89,20.54,15.81,0.88,20.0,ALA572|ALA704|ALA706|ARG711|ASP919|CYS727|GLU846|GLU918|HIS916|ILE913|LYS898|LYS920|MET571|MET845|MET895|PHE917|THR705|THR728|TYR849|VAL570,0.160653
