file,mutation,template,ligand,n_residues,n_mapped,canonical_727_pdb_pos,atoms_written,atoms_dropped
C727A_7GQU_HRO761_complex.pdb,C727A,7GQU,HRO761,419,419,201,4124,0
C727A_7GQU_VVD-214_complex.pdb,C727A,7GQU,VVD-214,419,419,201,4124,0
C727A_9MJT_HRO761_complex.pdb,C727A,9MJT,HRO761,426,426,211,4189,0
C727A_9MJT_VVD-214_complex.pdb,C727A,9MJT,VVD-214,426,426,211,4189,0
C727A_9S18_HRO761_complex.pdb,C727A,9S18,HRO761,422,422,206,4152,0
C727A_9S18_VVD-214_complex.pdb,C727A,9S18,VVD-214,422,422,206,4152,0
C727R_7GQU_HRO761_complex.pdb,C727R,7GQU,HRO761,419,419,201,4135,0
C727R_7GQU_VVD-214_complex.pdb,C727R,7GQU,VVD-214,419,419,201,4135,0
C727R_7GQU_VVD-214_cov_complex.pdb,C727R,7GQU,VVD-214_cov,419,419,201,4135,0
C727R_9MJT_HRO761_complex.pdb,C727R,9MJT,HRO761,426,426,211,4200,0
C727R_9MJT_VVD-214_complex.pdb,C727R,9MJT,VVD-214,426,426,211,4200,0
C727R_9MJT_VVD-214_cov_complex.pdb,C727R,9MJT,VVD-214_cov,426,426,211,4200,0
C727R_9S18_HRO761_complex.pdb,C727R,9S18,HRO761,422,422,206,4163,0
C727R_9S18_VVD-214_complex.pdb,C727R,9S18,VVD-214,422,422,206,4163,0
C727R_9S18_VVD-214_cov_complex.pdb,C727R,9S18,VVD-214_cov,422,422,206,4163,0
C727S_7GQU_HRO761_complex.pdb,C727S,7GQU,HRO761,419,419,201,4126,0
C727S_7GQU_VVD-214_complex.pdb,C727S,7GQU,VVD-214,419,419,201,4126,0
C727S_9MJT_HRO761_complex.pdb,C727S,9MJT,HRO761,426,426,211,4191,0
C727S_9MJT_VVD-214_complex.pdb,C727S,9MJT,VVD-214,426,426,211,4191,0
C727S_9S18_HRO761_complex.pdb,C727S,9S18,HRO761,422,422,206,4155,0
C727S_9S18_VVD-214_complex.pdb,C727S,9S18,VVD-214,422,422,206,4155,0
F730L_7GQU_HRO761_complex.pdb,F730L,7GQU,HRO761,419,419,201,4123,0
F730L_7GQU_VVD-214_complex.pdb,F730L,7GQU,VVD-214,419,419,201,4123,0
F730L_7GQU_VVD-214_cov_complex.pdb,F730L,7GQU,VVD-214_cov,419,419,201,4123,0
F730L_9MJT_HRO761_complex.pdb,F730L,9MJT,HRO761,426,426,211,4189,0
F730L_9MJT_VVD-214_complex.pdb,F730L,9MJT,VVD-214,426,426,211,4189,0
F730L_9MJT_VVD-214_cov_complex.pdb,F730L,9MJT,VVD-214_cov,426,426,211,4189,0
F730L_9S18_HRO761_complex.pdb,F730L,9S18,HRO761,422,422,206,4151,0
F730L_9S18_VVD-214_complex.pdb,F730L,9S18,VVD-214,422,422,206,4151,0
F730L_9S18_VVD-214_cov_complex.pdb,F730L,9S18,VVD-214_cov,422,422,206,4151,0
G729D_7GQU_HRO761_complex.pdb,G729D,7GQU,HRO761,419,419,201,4130,0
G729D_7GQU_VVD-214_complex.pdb,G729D,7GQU,VVD-214,419,419,201,4130,0
G729D_7GQU_VVD-214_cov_complex.pdb,G729D,7GQU,VVD-214_cov,419,419,201,4130,0
G729D_9MJT_HRO761_complex.pdb,G729D,9MJT,HRO761,426,426,211,4196,0
G729D_9MJT_VVD-214_complex.pdb,G729D,9MJT,VVD-214,426,426,211,4196,0
G729D_9MJT_VVD-214_cov_complex.pdb,G729D,9MJT,VVD-214_cov,426,426,211,4196,0
G729D_9S18_HRO761_complex.pdb,G729D,9S18,HRO761,422,422,206,4159,0
G729D_9S18_VVD-214_complex.pdb,G729D,9S18,VVD-214,422,422,206,4159,0
G729D_9S18_VVD-214_cov_complex.pdb,G729D,9S18,VVD-214_cov,422,422,206,4159,0
I852F_7GQU_HRO761_complex.pdb,I852F,7GQU,HRO761,419,419,201,4129,0
I852F_7GQU_VVD-214_complex.pdb,I852F,7GQU,VVD-214,419,419,201,4129,0
I852F_7GQU_VVD-214_cov_complex.pdb,I852F,7GQU,VVD-214_cov,419,419,201,4129,0
I852F_9MJT_HRO761_complex.pdb,I852F,9MJT,HRO761,426,426,211,4196,0
I852F_9MJT_VVD-214_complex.pdb,I852F,9MJT,VVD-214,426,426,211,4196,0
I852F_9MJT_VVD-214_cov_complex.pdb,I852F,9MJT,VVD-214_cov,426,426,211,4196,0
I852F_9S18_HRO761_complex.pdb,I852F,9S18,HRO761,422,422,206,4157,0
I852F_9S18_VVD-214_complex.pdb,I852F,9S18,VVD-214,422,422,206,4157,0
I852F_9S18_VVD-214_cov_complex.pdb,I852F,9S18,VVD-214_cov,422,422,206,4157,0
L528S_7GQU_HRO761_complex.pdb,L528S,7GQU,HRO761,419,419,201,4125,0
L528S_7GQU_VVD-214_complex.pdb,L528S,7GQU,VVD-214,419,419,201,4125,0
L528S_7GQU_VVD-214_cov_complex.pdb,L528S,7GQU,VVD-214_cov,419,419,201,4125,0
L528S_9MJT_HRO761_complex.pdb,L528S,9MJT,HRO761,426,426,211,4190,0
L528S_9MJT_VVD-214_complex.pdb,L528S,9MJT,VVD-214,426,426,211,4190,0
L528S_9MJT_VVD-214_cov_complex.pdb,L528S,9MJT,VVD-214_cov,426,426,211,4190,0
L528S_9S18_HRO761_complex.pdb,L528S,9S18,HRO761,422,422,206,4155,0
L528S_9S18_VVD-214_complex.pdb,L528S,9S18,VVD-214,422,422,206,4155,0
L528S_9S18_VVD-214_cov_complex.pdb,L528S,9S18,VVD-214_cov,422,422,206,4155,0
NEG_9S19_WT_HRO761_complex.pdb,NEG,9S19,HRO761,427,425,213,4173,16
NEG_9S19_WT_VVD-214_complex.pdb,NEG,9S19,VVD-214,427,425,213,4173,16
WT_7GQU_HRO761_complex.pdb,WT,7GQU,HRO761,439,434,212,4261,58
WT_7GQU_VVD-214_complex.pdb,WT,7GQU,VVD-214,439,434,212,4261,58
WT_7GQU_VVD-214_cov_complex.pdb,WT,7GQU,VVD-214_cov,439,434,212,4261,58
WT_9MJT_HRO761_complex.pdb,WT,9MJT,HRO761,443,443,228,4349,0
WT_9MJT_VVD-214_complex.pdb,WT,9MJT,VVD-214,443,443,228,4349,0
WT_9MJT_VVD-214_cov_complex.pdb,WT,9MJT,VVD-214_cov,443,443,228,4349,0
WT_9S18_HRO761_complex.pdb,WT,9S18,HRO761,443,429,227,4217,150
WT_9S18_VVD-214_complex.pdb,WT,9S18,VVD-214,443,429,227,4217,150
WT_9S18_VVD-214_cov_complex.pdb,WT,9S18,VVD-214_cov,443,429,227,4217,150
